2f120621-2337-485c-b3c7-391436873d3c;2022-02-24T12:30:00Z;219.48;219.48;219.48;219.48;1;
2f120621-2337-485c-b3c7-391436873d3c;2022-02-24T12:32:00Z;218.5;218.5;218.5;218.5;2;
2f120621-2337-485c-b3c7-391436873d3c;2022-02-24T12:33:00Z;219.55;219.55;219.55;219.55;4;
2f120621-2337-485c-b3c7-391436873d3c;2022-02-24T12:35:00Z;219.47;219.37;219.47;219.37;10;
2f120621-2337-485c-b3c7-391436873d3c;2022-02-24T12:36:00Z;219.34;219.34;219.93;219.34;66;
2f120621-2337-485c-b3c7-391436873d3c;2022-02-24T12:37:00Z;219.58;219.93;219.93;219.58;36;
2f120621-2337-485c-b3c7-391436873d3c;2022-02-24T12:44:00Z;219.75;219.94;219.94;219.75;36;
2f120621-2337-485c-b3c7-391436873d3c;2022-02-24T12:56:00Z;219.23;219.21;219.23;219.21;2;
2f120621-2337-485c-b3c7-391436873d3c;2022-02-24T12:57:00Z;219.2;219.17;219.2;219.17;4;
2f120621-2337-485c-b3c7-391436873d3c;2022-02-24T13:03:00Z;219.59;219.63;219.63;219.59;36;
2f120621-2337-485c-b3c7-391436873d3c;2022-02-24T13:18:00Z;218.83;218.83;218.83;218.83;10;
2f120621-2337-485c-b3c7-391436873d3c;2022-02-24T13:24:00Z;219.57;219.67;219.67;219.57;80;
2f120621-2337-485c-b3c7-391436873d3c;2022-02-24T13:34:00Z;219.68;219.69;219.69;219.62;148;
2f120621-2337-485c-b3c7-391436873d3c;2022-02-24T13:35:00Z;219.26;219.21;219.26;219.21;4;
2f120621-2337-485c-b3c7-391436873d3c;2022-02-24T13:43:00Z;219.58;219.58;219.58;219.58;9;
2f120621-2337-485c-b3c7-391436873d3c;2022-02-24T13:44:00Z;219.83;220.79;221;219.26;406;
2f120621-2337-485c-b3c7-391436873d3c;2022-02-24T13:45:00Z;220.82;220.75;220.99;220.75;55;
2f120621-2337-485c-b3c7-391436873d3c;2022-02-24T13:48:00Z;220.58;220.58;220.58;220.58;34;
2f120621-2337-485c-b3c7-391436873d3c;2022-02-24T13:52:00Z;221.39;221.48;221.48;221.39;46;
2f120621-2337-485c-b3c7-391436873d3c;2022-02-24T13:53:00Z;221.5;221.5;221.5;221.5;1;
2f120621-2337-485c-b3c7-391436873d3c;2022-02-24T13:57:00Z;221.41;221.84;221.84;221.41;106;
2f120621-2337-485c-b3c7-391436873d3c;2022-02-24T13:59:00Z;221.3;221.3;221.3;221.3;25;
2f120621-2337-485c-b3c7-391436873d3c;2022-02-24T14:00:00Z;221;220.62;221;220.58;51;
2f120621-2337-485c-b3c7-391436873d3c;2022-02-24T14:01:00Z;220.62;220.62;220.62;220.62;15;
2f120621-2337-485c-b3c7-391436873d3c;2022-02-24T14:02:00Z;220.62;220.62;220.62;220.62;7;
2f120621-2337-485c-b3c7-391436873d3c;2022-02-24T14:03:00Z;220.62;220.62;220.62;220.62;107;
2f120621-2337-485c-b3c7-391436873d3c;2022-02-24T14:04:00Z;220.62;220.62;220.82;220.62;12;
2f120621-2337-485c-b3c7-391436873d3c;2022-02-24T14:05:00Z;220.7;220.7;221.28;220.7;474;
2f120621-2337-485c-b3c7-391436873d3c;2022-02-24T14:06:00Z;220.9;220.9;220.9;220.9;3;
2f120621-2337-485c-b3c7-391436873d3c;2022-02-24T14:07:00Z;221;221.41;221.41;220.95;8;
2f120621-2337-485c-b3c7-391436873d3c;2022-02-24T14:08:00Z;221.41;221.41;221.45;221.41;161;
2f120621-2337-485c-b3c7-391436873d3c;2022-02-24T14:09:00Z;221.41;221.41;221.41;221.41;14;
2f120621-2337-485c-b3c7-391436873d3c;2022-02-24T14:10:00Z;221.41;221.41;221.41;221.41;4;
2f120621-2337-485c-b3c7-391436873d3c;2022-02-24T14:11:00Z;221.41;221.41;221.93;221.41;47;
2f120621-2337-485c-b3c7-391436873d3c;2022-02-24T14:12:00Z;221.41;221.41;221.41;221.41;4;
2f120621-2337-485c-b3c7-391436873d3c;2022-02-24T14:13:00Z;221.4;220.68;221.41;220.65;76;
2f120621-2337-485c-b3c7-391436873d3c;2022-02-24T14:14:00Z;220.67;220.67;220.72;220.67;9;
2f120621-2337-485c-b3c7-391436873d3c;2022-02-24T14:15:00Z;220.73;220.75;220.75;220.73;3;
2f120621-2337-485c-b3c7-391436873d3c;2022-02-24T14:17:00Z;220.67;220.65;220.67;220.64;8;
2f120621-2337-485c-b3c7-391436873d3c;2022-02-24T14:18:00Z;220.63;220.8;220.8;220.63;14;
2f120621-2337-485c-b3c7-391436873d3c;2022-02-24T14:19:00Z;220.63;220.62;220.64;220.62;18;
2f120621-2337-485c-b3c7-391436873d3c;2022-02-24T14:20:00Z;220.76;220.67;220.97;220.67;8;
2f120621-2337-485c-b3c7-391436873d3c;2022-02-24T14:21:00Z;220.76;220.76;220.76;220.76;15;
2f120621-2337-485c-b3c7-391436873d3c;2022-02-24T14:22:00Z;220.63;220.62;220.63;220.62;14;
2f120621-2337-485c-b3c7-391436873d3c;2022-02-24T14:23:00Z;220.62;220.62;220.62;220.62;29;
2f120621-2337-485c-b3c7-391436873d3c;2022-02-24T14:24:00Z;220.62;220.62;220.62;220.62;11;
2f120621-2337-485c-b3c7-391436873d3c;2022-02-24T14:25:00Z;220.62;218.92;220.62;218.92;1677;
2f120621-2337-485c-b3c7-391436873d3c;2022-02-24T14:26:00Z;218.92;218.92;218.92;218.92;2;
2f120621-2337-485c-b3c7-391436873d3c;2022-02-24T14:27:00Z;218.92;219.89;219.89;218.92;55;
2f120621-2337-485c-b3c7-391436873d3c;2022-02-24T14:28:00Z;218.99;219.49;219.98;218.99;91;
2f120621-2337-485c-b3c7-391436873d3c;2022-02-24T14:29:00Z;218.92;218.92;219.89;218.92;123;
2f120621-2337-485c-b3c7-391436873d3c;2022-02-24T14:30:00Z;219.14;218.68;219.51;218.59;61318;
2f120621-2337-485c-b3c7-391436873d3c;2022-02-24T14:31:00Z;218.91;219.18;219.48;218.69;2251;
2f120621-2337-485c-b3c7-391436873d3c;2022-02-24T14:32:00Z;219.25;219.4;219.76;219.14;1367;
2f120621-2337-485c-b3c7-391436873d3c;2022-02-24T14:33:00Z;218.98;219.14;219.31;218.94;4061;
2f120621-2337-485c-b3c7-391436873d3c;2022-02-24T14:34:00Z;218.92;219.02;219.3;218.73;683;
2f120621-2337-485c-b3c7-391436873d3c;2022-02-24T14:35:00Z;218.84;217.74;218.88;217.44;6393;
2f120621-2337-485c-b3c7-391436873d3c;2022-02-24T14:36:00Z;217.83;218.01;218.39;217.72;2280;
2f120621-2337-485c-b3c7-391436873d3c;2022-02-24T14:37:00Z;218;217.66;218.46;217.52;2137;
2f120621-2337-485c-b3c7-391436873d3c;2022-02-24T14:38:00Z;217.56;217.75;217.9;217.53;3299;
2f120621-2337-485c-b3c7-391436873d3c;2022-02-24T14:39:00Z;217.73;217.88;217.98;217.51;4673;
2f120621-2337-485c-b3c7-391436873d3c;2022-02-24T14:40:00Z;217.92;217.9;218.2;217.75;4146;
2f120621-2337-485c-b3c7-391436873d3c;2022-02-24T14:41:00Z;217.97;217.98;218.24;217.84;3988;
2f120621-2337-485c-b3c7-391436873d3c;2022-02-24T14:42:00Z;217.91;217.95;218.02;217.75;3888;
2f120621-2337-485c-b3c7-391436873d3c;2022-02-24T14:43:00Z;217.91;218.01;218.17;217.8;6468;
2f120621-2337-485c-b3c7-391436873d3c;2022-02-24T14:44:00Z;218.06;218.03;218.19;217.95;5196;
2f120621-2337-485c-b3c7-391436873d3c;2022-02-24T14:45:00Z;217.97;217.94;218.1;217.89;7485;
2f120621-2337-485c-b3c7-391436873d3c;2022-02-24T14:46:00Z;218;218.21;218.43;217.9;3107;
2f120621-2337-485c-b3c7-391436873d3c;2022-02-24T14:47:00Z;218.24;218.04;218.24;217.89;6208;
2f120621-2337-485c-b3c7-391436873d3c;2022-02-24T14:48:00Z;218.04;217.76;218.04;217.73;4007;
2f120621-2337-485c-b3c7-391436873d3c;2022-02-24T14:49:00Z;217.88;218.04;218.04;217.57;3939;
2f120621-2337-485c-b3c7-391436873d3c;2022-02-24T14:50:00Z;218.06;218.11;218.19;217.95;4923;
2f120621-2337-485c-b3c7-391436873d3c;2022-02-24T14:51:00Z;218.09;218.37;218.56;217.96;10695;
2f120621-2337-485c-b3c7-391436873d3c;2022-02-24T14:52:00Z;218.36;218.43;218.71;218.16;4374;
2f120621-2337-485c-b3c7-391436873d3c;2022-02-24T14:53:00Z;218.59;218.63;218.76;218.56;4100;
2f120621-2337-485c-b3c7-391436873d3c;2022-02-24T14:54:00Z;218.62;218.67;218.82;218.52;5921;
2f120621-2337-485c-b3c7-391436873d3c;2022-02-24T14:55:00Z;218.68;218.81;218.93;218.45;4289;
2f120621-2337-485c-b3c7-391436873d3c;2022-02-24T14:56:00Z;218.71;218.93;219.05;218.69;2131;
2f120621-2337-485c-b3c7-391436873d3c;2022-02-24T14:57:00Z;218.88;218.68;218.92;218.62;2616;
2f120621-2337-485c-b3c7-391436873d3c;2022-02-24T14:58:00Z;218.71;219.27;219.5;218.67;2732;
2f120621-2337-485c-b3c7-391436873d3c;2022-02-24T14:59:00Z;219.16;219.39;219.53;219.12;535;
2f120621-2337-485c-b3c7-391436873d3c;2022-02-24T15:00:00Z;219.37;219.26;219.55;219.18;3007;
2f120621-2337-485c-b3c7-391436873d3c;2022-02-24T15:01:00Z;219.19;218.69;219.34;218.69;1672;
2f120621-2337-485c-b3c7-391436873d3c;2022-02-24T15:02:00Z;218.74;218.37;218.74;218.22;3447;
2f120621-2337-485c-b3c7-391436873d3c;2022-02-24T15:03:00Z;218.37;218.2;218.4;218.17;2759;
2f120621-2337-485c-b3c7-391436873d3c;2022-02-24T15:04:00Z;218.16;218.05;218.33;218;3065;
2f120621-2337-485c-b3c7-391436873d3c;2022-02-24T15:05:00Z;218.07;218.08;218.15;217.98;2336;
2f120621-2337-485c-b3c7-391436873d3c;2022-02-24T15:06:00Z;218.1;218.03;218.54;217.97;3262;
2f120621-2337-485c-b3c7-391436873d3c;2022-02-24T15:07:00Z;218.05;217.85;218.19;217.85;4090;
2f120621-2337-485c-b3c7-391436873d3c;2022-02-24T15:08:00Z;217.91;217.58;217.95;217.58;4569;
2f120621-2337-485c-b3c7-391436873d3c;2022-02-24T15:09:00Z;217.64;217.73;217.75;217.42;3069;
2f120621-2337-485c-b3c7-391436873d3c;2022-02-24T15:10:00Z;217.76;217.85;217.92;217.7;3201;
2f120621-2337-485c-b3c7-391436873d3c;2022-02-24T15:11:00Z;217.93;217.97;218.04;217.85;2105;
2f120621-2337-485c-b3c7-391436873d3c;2022-02-24T15:12:00Z;218;217.45;218.05;217.4;4056;
2f120621-2337-485c-b3c7-391436873d3c;2022-02-24T15:13:00Z;217.49;217.27;217.54;217.2;3306;
2f120621-2337-485c-b3c7-391436873d3c;2022-02-24T15:14:00Z;217.22;217.28;217.4;216.94;5293;
2f120621-2337-485c-b3c7-391436873d3c;2022-02-24T15:15:00Z;217.3;217.33;217.48;217.23;3393;
2f120621-2337-485c-b3c7-391436873d3c;2022-02-24T15:16:00Z;217.24;216.91;217.29;216.8;2651;
2f120621-2337-485c-b3c7-391436873d3c;2022-02-24T15:17:00Z;216.99;216.65;216.99;216.65;1805;
2f120621-2337-485c-b3c7-391436873d3c;2022-02-24T15:18:00Z;216.63;216.65;216.69;216.34;2764;
2f120621-2337-485c-b3c7-391436873d3c;2022-02-24T15:19:00Z;216.68;216.87;216.87;216.58;1467;
2f120621-2337-485c-b3c7-391436873d3c;2022-02-24T15:20:00Z;216.9;217.1;217.14;216.87;1746;
2f120621-2337-485c-b3c7-391436873d3c;2022-02-24T15:21:00Z;217.14;217.03;217.4;216.97;2327;
2f120621-2337-485c-b3c7-391436873d3c;2022-02-24T15:22:00Z;216.98;216.55;216.99;216.55;1819;
2f120621-2337-485c-b3c7-391436873d3c;2022-02-24T15:23:00Z;216.52;216.33;216.63;216.28;2778;
2f120621-2337-485c-b3c7-391436873d3c;2022-02-24T15:24:00Z;216.28;216.39;216.45;216.23;1716;
2f120621-2337-485c-b3c7-391436873d3c;2022-02-24T15:25:00Z;216.41;215.98;216.41;215.84;3070;
2f120621-2337-485c-b3c7-391436873d3c;2022-02-24T15:26:00Z;215.93;215.98;216.13;215.87;1176;
2f120621-2337-485c-b3c7-391436873d3c;2022-02-24T15:27:00Z;215.96;216.25;216.31;215.96;3184;
2f120621-2337-485c-b3c7-391436873d3c;2022-02-24T15:28:00Z;216.29;216.26;216.35;216.19;2304;
2f120621-2337-485c-b3c7-391436873d3c;2022-02-24T15:29:00Z;216.28;216;216.41;216;2510;
2f120621-2337-485c-b3c7-391436873d3c;2022-02-24T15:30:00Z;216;215.8;216.06;215.73;2788;
2f120621-2337-485c-b3c7-391436873d3c;2022-02-24T15:31:00Z;215.81;216.13;216.13;215.79;2015;
2f120621-2337-485c-b3c7-391436873d3c;2022-02-24T15:32:00Z;216.13;216.16;216.23;216.04;2140;
2f120621-2337-485c-b3c7-391436873d3c;2022-02-24T15:33:00Z;216.17;216.62;216.62;216.11;2436;
2f120621-2337-485c-b3c7-391436873d3c;2022-02-24T15:34:00Z;216.59;216.89;217;216.51;3984;
2f120621-2337-485c-b3c7-391436873d3c;2022-02-24T15:35:00Z;216.9;216.7;216.94;216.61;2733;
2f120621-2337-485c-b3c7-391436873d3c;2022-02-24T15:36:00Z;216.63;216.38;216.69;216.37;3449;
2f120621-2337-485c-b3c7-391436873d3c;2022-02-24T15:37:00Z;216.46;216.39;216.68;216.33;2593;
2f120621-2337-485c-b3c7-391436873d3c;2022-02-24T15:38:00Z;216.4;216.28;216.55;216.28;2002;
2f120621-2337-485c-b3c7-391436873d3c;2022-02-24T15:39:00Z;216.39;216.51;216.54;216.35;2170;
2f120621-2337-485c-b3c7-391436873d3c;2022-02-24T15:40:00Z;216.5;216.27;216.54;216.05;4641;
2f120621-2337-485c-b3c7-391436873d3c;2022-02-24T15:41:00Z;216.28;216.34;216.34;216.22;817;
2f120621-2337-485c-b3c7-391436873d3c;2022-02-24T15:42:00Z;216.31;216.23;216.52;216.11;2364;
2f120621-2337-485c-b3c7-391436873d3c;2022-02-24T15:43:00Z;216.22;216.3;216.43;216.22;2173;
2f120621-2337-485c-b3c7-391436873d3c;2022-02-24T15:44:00Z;216.3;216.51;216.6;216.19;3603;
2f120621-2337-485c-b3c7-391436873d3c;2022-02-24T15:45:00Z;216.6;216.57;216.68;216.47;2120;
2f120621-2337-485c-b3c7-391436873d3c;2022-02-24T15:46:00Z;216.6;216.9;217.08;216.56;3255;
2f120621-2337-485c-b3c7-391436873d3c;2022-02-24T15:47:00Z;216.83;216.87;217.01;216.69;2570;
2f120621-2337-485c-b3c7-391436873d3c;2022-02-24T15:48:00Z;216.89;216.97;217.11;216.82;2325;
2f120621-2337-485c-b3c7-391436873d3c;2022-02-24T15:49:00Z;217;216.79;217.04;216.79;1728;
2f120621-2337-485c-b3c7-391436873d3c;2022-02-24T15:50:00Z;216.78;216.67;216.87;216.63;1467;
2f120621-2337-485c-b3c7-391436873d3c;2022-02-24T15:51:00Z;216.8;216.93;217;216.75;981;
2f120621-2337-485c-b3c7-391436873d3c;2022-02-24T15:52:00Z;216.9;216.63;216.9;216.57;1568;
2f120621-2337-485c-b3c7-391436873d3c;2022-02-24T15:53:00Z;216.65;216.92;216.92;216.64;1194;
2f120621-2337-485c-b3c7-391436873d3c;2022-02-24T15:54:00Z;217.04;216.96;217.07;216.89;884;
2f120621-2337-485c-b3c7-391436873d3c;2022-02-24T15:55:00Z;216.95;216.92;216.99;216.87;311;
2f120621-2337-485c-b3c7-391436873d3c;2022-02-24T15:56:00Z;216.92;216.77;216.92;216.77;1561;
2f120621-2337-485c-b3c7-391436873d3c;2022-02-24T15:57:00Z;216.77;216.5;216.83;216.5;2040;
2f120621-2337-485c-b3c7-391436873d3c;2022-02-24T15:58:00Z;216.56;216.55;216.59;216.45;817;
2f120621-2337-485c-b3c7-391436873d3c;2022-02-24T15:59:00Z;216.52;216.78;216.84;216.5;1178;
2f120621-2337-485c-b3c7-391436873d3c;2022-02-24T16:00:00Z;216.75;216.78;216.85;216.55;1658;
2f120621-2337-485c-b3c7-391436873d3c;2022-02-24T16:01:00Z;216.77;216.68;216.95;216.64;2297;
2f120621-2337-485c-b3c7-391436873d3c;2022-02-24T16:02:00Z;216.64;216.52;216.67;216.46;903;
2f120621-2337-485c-b3c7-391436873d3c;2022-02-24T16:03:00Z;216.55;216.31;216.57;216.25;1555;
2f120621-2337-485c-b3c7-391436873d3c;2022-02-24T16:04:00Z;216.32;216.25;216.42;216.22;237;
2f120621-2337-485c-b3c7-391436873d3c;2022-02-24T16:05:00Z;216.26;216.42;216.47;216.22;2136;
2f120621-2337-485c-b3c7-391436873d3c;2022-02-24T16:06:00Z;216.38;216.27;216.4;216.22;2474;
2f120621-2337-485c-b3c7-391436873d3c;2022-02-24T16:07:00Z;216.24;215.91;216.24;215.91;2812;
2f120621-2337-485c-b3c7-391436873d3c;2022-02-24T16:08:00Z;215.94;215.79;215.94;215.71;1592;
2f120621-2337-485c-b3c7-391436873d3c;2022-02-24T16:09:00Z;215.8;215.69;215.83;215.69;1448;
2f120621-2337-485c-b3c7-391436873d3c;2022-02-24T16:10:00Z;215.63;215.41;215.69;215.39;1591;
2f120621-2337-485c-b3c7-391436873d3c;2022-02-24T16:11:00Z;215.44;215.46;215.51;215.38;1919;
2f120621-2337-485c-b3c7-391436873d3c;2022-02-24T16:12:00Z;215.5;215.41;215.5;215.27;4183;
2f120621-2337-485c-b3c7-391436873d3c;2022-02-24T16:13:00Z;215.47;215.63;215.72;215.38;2282;
2f120621-2337-485c-b3c7-391436873d3c;2022-02-24T16:14:00Z;215.58;215.48;215.64;215.41;2679;
2f120621-2337-485c-b3c7-391436873d3c;2022-02-24T16:15:00Z;215.49;215.55;215.7;215.49;876;
2f120621-2337-485c-b3c7-391436873d3c;2022-02-24T16:16:00Z;215.6;215.59;215.6;215.45;1277;
2f120621-2337-485c-b3c7-391436873d3c;2022-02-24T16:17:00Z;215.55;215.56;215.65;215.48;1607;
2f120621-2337-485c-b3c7-391436873d3c;2022-02-24T16:18:00Z;215.58;215.55;215.59;215.45;2593;
2f120621-2337-485c-b3c7-391436873d3c;2022-02-24T16:19:00Z;215.54;215.38;215.57;215.29;1671;
2f120621-2337-485c-b3c7-391436873d3c;2022-02-24T16:20:00Z;215.44;215.35;215.48;215.32;1751;
2f120621-2337-485c-b3c7-391436873d3c;2022-02-24T16:21:00Z;215.26;215.48;215.55;215.26;1848;
2f120621-2337-485c-b3c7-391436873d3c;2022-02-24T16:22:00Z;215.48;215.27;215.48;215.23;1787;
2f120621-2337-485c-b3c7-391436873d3c;2022-02-24T16:23:00Z;215.22;215.1;215.3;215.05;3399;
2f120621-2337-485c-b3c7-391436873d3c;2022-02-24T16:24:00Z;215.15;215.11;215.23;215.06;2631;
2f120621-2337-485c-b3c7-391436873d3c;2022-02-24T16:25:00Z;215.14;215.1;215.18;215.04;2048;
2f120621-2337-485c-b3c7-391436873d3c;2022-02-24T16:26:00Z;215.06;214.9;215.12;214.86;4924;
2f120621-2337-485c-b3c7-391436873d3c;2022-02-24T16:27:00Z;214.9;214.79;214.94;214.71;2409;
2f120621-2337-485c-b3c7-391436873d3c;2022-02-24T16:28:00Z;214.81;214.88;214.88;214.74;3057;
2f120621-2337-485c-b3c7-391436873d3c;2022-02-24T16:29:00Z;214.87;214.53;214.87;214.42;2807;
2f120621-2337-485c-b3c7-391436873d3c;2022-02-24T16:30:00Z;214.48;214.75;214.8;214.46;1873;
2f120621-2337-485c-b3c7-391436873d3c;2022-02-24T16:31:00Z;214.71;214.45;214.71;214.4;889;
2f120621-2337-485c-b3c7-391436873d3c;2022-02-24T16:32:00Z;214.43;214.74;214.78;214.43;1095;
2f120621-2337-485c-b3c7-391436873d3c;2022-02-24T16:33:00Z;214.74;214.69;214.78;214.57;1585;
2f120621-2337-485c-b3c7-391436873d3c;2022-02-24T16:34:00Z;214.7;214.92;214.97;214.7;832;
2f120621-2337-485c-b3c7-391436873d3c;2022-02-24T16:35:00Z;215.07;215.01;215.22;214.95;1504;
2f120621-2337-485c-b3c7-391436873d3c;2022-02-24T16:36:00Z;214.92;214.93;215;214.71;622;
2f120621-2337-485c-b3c7-391436873d3c;2022-02-24T16:37:00Z;214.88;214.95;215.01;214.7;2196;
2f120621-2337-485c-b3c7-391436873d3c;2022-02-24T16:38:00Z;214.95;214.93;215.03;214.78;1642;
2f120621-2337-485c-b3c7-391436873d3c;2022-02-24T16:39:00Z;214.93;215.05;215.13;214.93;1196;
2f120621-2337-485c-b3c7-391436873d3c;2022-02-24T16:40:00Z;215.02;214.91;215.04;214.86;1252;
2f120621-2337-485c-b3c7-391436873d3c;2022-02-24T16:41:00Z;214.91;214.85;215.02;214.84;2207;
2f120621-2337-485c-b3c7-391436873d3c;2022-02-24T16:42:00Z;214.81;214.81;214.87;214.72;493;
2f120621-2337-485c-b3c7-391436873d3c;2022-02-24T16:43:00Z;214.81;214.73;214.81;214.65;442;
2f120621-2337-485c-b3c7-391436873d3c;2022-02-24T16:44:00Z;214.74;214.69;214.79;214.63;691;
2f120621-2337-485c-b3c7-391436873d3c;2022-02-24T16:45:00Z;214.77;214.61;214.77;214.53;1683;
2f120621-2337-485c-b3c7-391436873d3c;2022-02-24T16:46:00Z;214.63;214.52;214.71;214.47;5051;
2f120621-2337-485c-b3c7-391436873d3c;2022-02-24T16:47:00Z;214.41;214.65;214.74;214.41;4133;
2f120621-2337-485c-b3c7-391436873d3c;2022-02-24T16:48:00Z;214.62;214.77;214.84;214.6;853;
2f120621-2337-485c-b3c7-391436873d3c;2022-02-24T16:49:00Z;214.83;214.86;214.94;214.78;1216;
2f120621-2337-485c-b3c7-391436873d3c;2022-02-24T16:50:00Z;214.9;214.9;214.99;214.88;1139;
2f120621-2337-485c-b3c7-391436873d3c;2022-02-24T16:51:00Z;214.89;215.11;215.11;214.82;1636;
2f120621-2337-485c-b3c7-391436873d3c;2022-02-24T16:52:00Z;215.07;215.2;215.2;215.06;1794;
2f120621-2337-485c-b3c7-391436873d3c;2022-02-24T16:53:00Z;215.18;215.25;215.31;215.13;2230;
2f120621-2337-485c-b3c7-391436873d3c;2022-02-24T16:54:00Z;215.3;215.2;215.36;215.18;1390;
2f120621-2337-485c-b3c7-391436873d3c;2022-02-24T16:55:00Z;215.2;215.21;215.38;215.15;1206;
2f120621-2337-485c-b3c7-391436873d3c;2022-02-24T16:56:00Z;215.13;215.2;215.29;215.13;1108;
2f120621-2337-485c-b3c7-391436873d3c;2022-02-24T16:57:00Z;215.26;215.38;215.44;215.21;735;
2f120621-2337-485c-b3c7-391436873d3c;2022-02-24T16:58:00Z;215.37;215.38;215.43;215.3;1689;
2f120621-2337-485c-b3c7-391436873d3c;2022-02-24T16:59:00Z;215.41;215.4;215.48;215.31;961;
2f120621-2337-485c-b3c7-391436873d3c;2022-02-24T17:00:00Z;215.46;215.67;215.67;215.46;2437;
2f120621-2337-485c-b3c7-391436873d3c;2022-02-24T17:01:00Z;215.65;215.6;215.78;215.58;5525;
2f120621-2337-485c-b3c7-391436873d3c;2022-02-24T17:02:00Z;215.57;215.45;215.64;215.45;380;
2f120621-2337-485c-b3c7-391436873d3c;2022-02-24T17:03:00Z;215.46;215.56;215.59;215.3;11378;
2f120621-2337-485c-b3c7-391436873d3c;2022-02-24T17:04:00Z;215.54;215.35;215.54;215.34;1008;
2f120621-2337-485c-b3c7-391436873d3c;2022-02-24T17:05:00Z;215.35;215.16;215.46;215.11;1045;
2f120621-2337-485c-b3c7-391436873d3c;2022-02-24T17:06:00Z;215.18;215.2;215.21;215.09;1248;
2f120621-2337-485c-b3c7-391436873d3c;2022-02-24T17:07:00Z;215.27;215.36;215.41;215.22;804;
2f120621-2337-485c-b3c7-391436873d3c;2022-02-24T17:08:00Z;215.37;215.59;215.61;215.35;2031;
2f120621-2337-485c-b3c7-391436873d3c;2022-02-24T17:09:00Z;215.6;215.52;215.72;215.44;2142;
2f120621-2337-485c-b3c7-391436873d3c;2022-02-24T17:10:00Z;215.54;215.67;215.69;215.46;420;
2f120621-2337-485c-b3c7-391436873d3c;2022-02-24T17:11:00Z;215.7;215.78;215.83;215.67;1149;
2f120621-2337-485c-b3c7-391436873d3c;2022-02-24T17:12:00Z;215.72;215.6;215.72;215.51;1051;
2f120621-2337-485c-b3c7-391436873d3c;2022-02-24T17:13:00Z;215.59;215.57;215.67;215.49;776;
2f120621-2337-485c-b3c7-391436873d3c;2022-02-24T17:14:00Z;215.48;215.29;215.52;215.24;1785;
2f120621-2337-485c-b3c7-391436873d3c;2022-02-24T17:15:00Z;215.23;215.25;215.33;215.21;307;
2f120621-2337-485c-b3c7-391436873d3c;2022-02-24T17:16:00Z;215.26;215.41;215.41;215.26;472;
2f120621-2337-485c-b3c7-391436873d3c;2022-02-24T17:17:00Z;215.37;215.56;215.58;215.37;331;
2f120621-2337-485c-b3c7-391436873d3c;2022-02-24T17:18:00Z;215.56;215.55;215.56;215.46;465;
2f120621-2337-485c-b3c7-391436873d3c;2022-02-24T17:19:00Z;215.52;215.49;215.55;215.44;426;
2f120621-2337-485c-b3c7-391436873d3c;2022-02-24T17:20:00Z;215.54;215.45;215.66;215.45;1437;
2f120621-2337-485c-b3c7-391436873d3c;2022-02-24T17:21:00Z;215.52;215.21;215.52;215.21;835;
2f120621-2337-485c-b3c7-391436873d3c;2022-02-24T17:22:00Z;215.26;215.04;215.26;215.01;1446;
2f120621-2337-485c-b3c7-391436873d3c;2022-02-24T17:23:00Z;215.08;215;215.2;215;928;
2f120621-2337-485c-b3c7-391436873d3c;2022-02-24T17:24:00Z;215.01;215.08;215.15;214.98;995;
2f120621-2337-485c-b3c7-391436873d3c;2022-02-24T17:25:00Z;215.06;215.18;215.24;215.06;1403;
2f120621-2337-485c-b3c7-391436873d3c;2022-02-24T17:26:00Z;215.17;215.19;215.29;215.05;4103;
2f120621-2337-485c-b3c7-391436873d3c;2022-02-24T17:27:00Z;215.24;215.22;215.24;215.2;267;
2f120621-2337-485c-b3c7-391436873d3c;2022-02-24T17:28:00Z;215.29;215.26;215.33;215.23;1518;
2f120621-2337-485c-b3c7-391436873d3c;2022-02-24T17:29:00Z;215.28;215.3;215.3;215.23;1713;
2f120621-2337-485c-b3c7-391436873d3c;2022-02-24T17:30:00Z;215.33;215.49;215.56;215.3;3138;
2f120621-2337-485c-b3c7-391436873d3c;2022-02-24T17:31:00Z;215.47;215.01;215.49;214.97;2000;
2f120621-2337-485c-b3c7-391436873d3c;2022-02-24T17:32:00Z;214.97;214.79;214.98;214.67;1274;
2f120621-2337-485c-b3c7-391436873d3c;2022-02-24T17:33:00Z;214.79;214.91;214.99;214.79;829;
2f120621-2337-485c-b3c7-391436873d3c;2022-02-24T17:34:00Z;214.88;214.82;214.97;214.82;3029;
2f120621-2337-485c-b3c7-391436873d3c;2022-02-24T17:35:00Z;214.84;215;215.05;214.79;1713;
2f120621-2337-485c-b3c7-391436873d3c;2022-02-24T17:36:00Z;215.04;215.14;215.14;214.94;1467;
2f120621-2337-485c-b3c7-391436873d3c;2022-02-24T17:37:00Z;215.11;215.3;215.3;215.06;1720;
2f120621-2337-485c-b3c7-391436873d3c;2022-02-24T17:38:00Z;215.31;215.4;215.5;215.3;1504;
2f120621-2337-485c-b3c7-391436873d3c;2022-02-24T17:39:00Z;215.34;215.31;215.38;215.3;390;
2f120621-2337-485c-b3c7-391436873d3c;2022-02-24T17:40:00Z;215.32;215.42;215.43;215.24;1109;
2f120621-2337-485c-b3c7-391436873d3c;2022-02-24T17:41:00Z;215.52;215.68;215.75;215.44;4239;
2f120621-2337-485c-b3c7-391436873d3c;2022-02-24T17:42:00Z;215.69;215.6;215.69;215.59;2258;
2f120621-2337-485c-b3c7-391436873d3c;2022-02-24T17:43:00Z;215.65;215.71;215.81;215.65;1691;
2f120621-2337-485c-b3c7-391436873d3c;2022-02-24T17:44:00Z;215.67;215.63;215.67;215.56;1907;
2f120621-2337-485c-b3c7-391436873d3c;2022-02-24T17:45:00Z;215.65;215.77;215.83;215.63;1139;
2f120621-2337-485c-b3c7-391436873d3c;2022-02-24T17:46:00Z;215.82;215.72;215.82;215.69;725;
2f120621-2337-485c-b3c7-391436873d3c;2022-02-24T17:47:00Z;215.75;215.9;215.9;215.69;1027;
2f120621-2337-485c-b3c7-391436873d3c;2022-02-24T17:48:00Z;215.91;216.06;216.06;215.91;1031;
2f120621-2337-485c-b3c7-391436873d3c;2022-02-24T17:49:00Z;216.01;215.92;216.13;215.92;1296;
2f120621-2337-485c-b3c7-391436873d3c;2022-02-24T17:50:00Z;215.87;215.95;216;215.87;610;
2f120621-2337-485c-b3c7-391436873d3c;2022-02-24T17:51:00Z;215.87;215.96;215.96;215.87;433;
2f120621-2337-485c-b3c7-391436873d3c;2022-02-24T17:52:00Z;215.94;216.07;216.09;215.91;1019;
2f120621-2337-485c-b3c7-391436873d3c;2022-02-24T17:53:00Z;216.01;215.89;216.01;215.87;1737;
2f120621-2337-485c-b3c7-391436873d3c;2022-02-24T17:54:00Z;215.85;215.87;215.9;215.83;453;
2f120621-2337-485c-b3c7-391436873d3c;2022-02-24T17:55:00Z;215.87;215.9;216.02;215.82;2397;
2f120621-2337-485c-b3c7-391436873d3c;2022-02-24T17:56:00Z;215.91;216.11;216.23;215.9;1639;
2f120621-2337-485c-b3c7-391436873d3c;2022-02-24T17:57:00Z;216.09;215.67;216.09;215.59;1395;
2f120621-2337-485c-b3c7-391436873d3c;2022-02-24T17:58:00Z;215.74;215.58;215.75;215.53;691;
2f120621-2337-485c-b3c7-391436873d3c;2022-02-24T17:59:00Z;215.56;215.26;215.6;215.19;1224;
2f120621-2337-485c-b3c7-391436873d3c;2022-02-24T18:00:00Z;215.28;215.15;215.33;215.09;598;
2f120621-2337-485c-b3c7-391436873d3c;2022-02-24T18:01:00Z;215.16;215.18;215.22;215.14;729;
2f120621-2337-485c-b3c7-391436873d3c;2022-02-24T18:02:00Z;215.2;215.17;215.27;215.12;873;
2f120621-2337-485c-b3c7-391436873d3c;2022-02-24T18:03:00Z;215.17;215.06;215.23;215.02;1026;
2f120621-2337-485c-b3c7-391436873d3c;2022-02-24T18:04:00Z;215.08;215.34;215.39;215.08;3045;
2f120621-2337-485c-b3c7-391436873d3c;2022-02-24T18:05:00Z;215.37;215.32;215.45;215.32;760;
2f120621-2337-485c-b3c7-391436873d3c;2022-02-24T18:06:00Z;215.32;215.67;215.71;215.32;1474;
2f120621-2337-485c-b3c7-391436873d3c;2022-02-24T18:07:00Z;215.68;215.64;215.68;215.55;1896;
2f120621-2337-485c-b3c7-391436873d3c;2022-02-24T18:08:00Z;215.59;215.67;215.71;215.57;441;
2f120621-2337-485c-b3c7-391436873d3c;2022-02-24T18:09:00Z;215.73;215.73;215.76;215.69;341;
2f120621-2337-485c-b3c7-391436873d3c;2022-02-24T18:10:00Z;215.69;215.49;215.72;215.49;1629;
2f120621-2337-485c-b3c7-391436873d3c;2022-02-24T18:11:00Z;215.48;215.7;215.72;215.43;1449;
2f120621-2337-485c-b3c7-391436873d3c;2022-02-24T18:12:00Z;215.79;215.87;215.96;215.71;1478;
2f120621-2337-485c-b3c7-391436873d3c;2022-02-24T18:13:00Z;215.87;215.74;215.9;215.74;984;
2f120621-2337-485c-b3c7-391436873d3c;2022-02-24T18:14:00Z;215.74;215.7;215.76;215.65;600;
2f120621-2337-485c-b3c7-391436873d3c;2022-02-24T18:15:00Z;215.71;215.68;215.78;215.68;341;
2f120621-2337-485c-b3c7-391436873d3c;2022-02-24T18:16:00Z;215.68;215.76;215.81;215.67;553;
2f120621-2337-485c-b3c7-391436873d3c;2022-02-24T18:17:00Z;215.77;215.77;215.78;215.7;1948;
2f120621-2337-485c-b3c7-391436873d3c;2022-02-24T18:18:00Z;215.79;215.89;215.89;215.79;321;
2f120621-2337-485c-b3c7-391436873d3c;2022-02-24T18:19:00Z;215.89;215.91;215.92;215.87;1465;
2f120621-2337-485c-b3c7-391436873d3c;2022-02-24T18:20:00Z;215.86;215.98;215.99;215.85;511;
2f120621-2337-485c-b3c7-391436873d3c;2022-02-24T18:21:00Z;215.96;215.82;216.01;215.79;1858;
2f120621-2337-485c-b3c7-391436873d3c;2022-02-24T18:22:00Z;215.75;215.77;215.81;215.74;2243;
2f120621-2337-485c-b3c7-391436873d3c;2022-02-24T18:23:00Z;215.75;215.71;215.78;215.7;1172;
2f120621-2337-485c-b3c7-391436873d3c;2022-02-24T18:24:00Z;215.7;215.73;215.83;215.64;1787;
2f120621-2337-485c-b3c7-391436873d3c;2022-02-24T18:25:00Z;215.82;215.79;215.84;215.74;192;
2f120621-2337-485c-b3c7-391436873d3c;2022-02-24T18:26:00Z;215.78;215.83;215.83;215.74;762;
2f120621-2337-485c-b3c7-391436873d3c;2022-02-24T18:27:00Z;215.85;215.81;215.94;215.81;879;
2f120621-2337-485c-b3c7-391436873d3c;2022-02-24T18:28:00Z;215.82;215.6;215.86;215.53;1433;
2f120621-2337-485c-b3c7-391436873d3c;2022-02-24T18:29:00Z;215.52;215.49;215.56;215.45;454;
2f120621-2337-485c-b3c7-391436873d3c;2022-02-24T18:30:00Z;215.45;215.7;215.7;215.4;797;
2f120621-2337-485c-b3c7-391436873d3c;2022-02-24T18:31:00Z;215.69;215.72;215.75;215.64;1286;
2f120621-2337-485c-b3c7-391436873d3c;2022-02-24T18:32:00Z;215.75;215.71;215.84;215.69;2080;
2f120621-2337-485c-b3c7-391436873d3c;2022-02-24T18:33:00Z;215.72;215.68;215.84;215.64;3139;
2f120621-2337-485c-b3c7-391436873d3c;2022-02-24T18:34:00Z;215.62;215.52;215.66;215.46;1954;
2f120621-2337-485c-b3c7-391436873d3c;2022-02-24T18:35:00Z;215.5;215.7;215.7;215.44;1151;
2f120621-2337-485c-b3c7-391436873d3c;2022-02-24T18:36:00Z;215.65;215.7;215.77;215.62;1586;
2f120621-2337-485c-b3c7-391436873d3c;2022-02-24T18:37:00Z;215.76;215.84;215.84;215.68;1005;
2f120621-2337-485c-b3c7-391436873d3c;2022-02-24T18:38:00Z;215.75;215.81;215.86;215.71;765;
2f120621-2337-485c-b3c7-391436873d3c;2022-02-24T18:39:00Z;215.82;215.81;215.86;215.74;1129;
2f120621-2337-485c-b3c7-391436873d3c;2022-02-24T18:40:00Z;215.84;216.12;216.14;215.81;8759;
2f120621-2337-485c-b3c7-391436873d3c;2022-02-24T18:41:00Z;216.11;215.94;216.16;215.91;2042;
2f120621-2337-485c-b3c7-391436873d3c;2022-02-24T18:42:00Z;215.93;216.01;216.03;215.87;3350;
2f120621-2337-485c-b3c7-391436873d3c;2022-02-24T18:43:00Z;215.99;216;216.04;215.93;1039;
2f120621-2337-485c-b3c7-391436873d3c;2022-02-24T18:44:00Z;215.95;215.81;216.03;215.81;3496;
2f120621-2337-485c-b3c7-391436873d3c;2022-02-24T18:45:00Z;215.76;215.78;215.85;215.73;1327;
2f120621-2337-485c-b3c7-391436873d3c;2022-02-24T18:46:00Z;215.8;216.3;216.34;215.79;3247;
2f120621-2337-485c-b3c7-391436873d3c;2022-02-24T18:47:00Z;216.29;216.14;216.29;216.02;2954;
2f120621-2337-485c-b3c7-391436873d3c;2022-02-24T18:48:00Z;216.21;216.41;216.46;216.15;1216;
2f120621-2337-485c-b3c7-391436873d3c;2022-02-24T18:49:00Z;216.41;217.15;217.2;216.4;2510;
2f120621-2337-485c-b3c7-391436873d3c;2022-02-24T18:50:00Z;217.24;217.17;217.54;217.07;1869;
2f120621-2337-485c-b3c7-391436873d3c;2022-02-24T18:51:00Z;217.2;217.17;217.25;216.96;1600;
2f120621-2337-485c-b3c7-391436873d3c;2022-02-24T18:52:00Z;217.19;217.2;217.47;217.18;3777;
2f120621-2337-485c-b3c7-391436873d3c;2022-02-24T18:53:00Z;217.25;217.32;217.35;217.19;2901;
2f120621-2337-485c-b3c7-391436873d3c;2022-02-24T18:54:00Z;217.24;217.01;217.32;216.98;1943;
2f120621-2337-485c-b3c7-391436873d3c;2022-02-24T18:55:00Z;216.97;216.94;217.01;216.86;556;
2f120621-2337-485c-b3c7-391436873d3c;2022-02-24T18:56:00Z;216.95;217.18;217.43;216.95;1347;
2f120621-2337-485c-b3c7-391436873d3c;2022-02-24T18:57:00Z;217.16;216.88;217.19;216.88;1645;
2f120621-2337-485c-b3c7-391436873d3c;2022-02-24T18:58:00Z;216.88;216.82;216.93;216.75;1433;
2f120621-2337-485c-b3c7-391436873d3c;2022-02-24T18:59:00Z;216.9;216.91;217.5;216.82;3656;
2f120621-2337-485c-b3c7-391436873d3c;2022-02-24T19:00:00Z;216.92;216.8;217.1;216.8;1570;
2f120621-2337-485c-b3c7-391436873d3c;2022-02-24T19:01:00Z;216.84;216.93;216.93;216.7;1452;
2f120621-2337-485c-b3c7-391436873d3c;2022-02-24T19:02:00Z;216.93;217.08;217.08;216.91;582;
2f120621-2337-485c-b3c7-391436873d3c;2022-02-24T19:03:00Z;217.04;217.41;217.43;217.02;1785;
2f120621-2337-485c-b3c7-391436873d3c;2022-02-24T19:04:00Z;217.39;217.45;217.5;217.25;1018;
2f120621-2337-485c-b3c7-391436873d3c;2022-02-24T19:05:00Z;217.5;217.66;217.67;217.41;1082;
2f120621-2337-485c-b3c7-391436873d3c;2022-02-24T19:06:00Z;217.65;217.42;217.7;217.33;1166;
2f120621-2337-485c-b3c7-391436873d3c;2022-02-24T19:07:00Z;217.44;217.37;217.52;217.35;907;
2f120621-2337-485c-b3c7-391436873d3c;2022-02-24T19:08:00Z;217.36;217.37;217.47;217.31;928;
2f120621-2337-485c-b3c7-391436873d3c;2022-02-24T19:09:00Z;217.34;216.82;217.34;216.82;2487;
2f120621-2337-485c-b3c7-391436873d3c;2022-02-24T19:10:00Z;216.9;217.21;217.36;216.9;2051;
2f120621-2337-485c-b3c7-391436873d3c;2022-02-24T19:11:00Z;217.2;217.01;217.29;216.87;1158;
2f120621-2337-485c-b3c7-391436873d3c;2022-02-24T19:12:00Z;217.01;216.91;217.01;216.78;616;
2f120621-2337-485c-b3c7-391436873d3c;2022-02-24T19:13:00Z;216.94;217.13;217.13;216.94;1399;
2f120621-2337-485c-b3c7-391436873d3c;2022-02-24T19:14:00Z;217.11;217.12;217.25;217.06;694;
2f120621-2337-485c-b3c7-391436873d3c;2022-02-24T19:15:00Z;217.13;217.25;217.45;217.13;830;
2f120621-2337-485c-b3c7-391436873d3c;2022-02-24T19:16:00Z;217.25;217.05;217.28;217.05;805;
2f120621-2337-485c-b3c7-391436873d3c;2022-02-24T19:17:00Z;217.09;217.04;217.22;216.98;1898;
2f120621-2337-485c-b3c7-391436873d3c;2022-02-24T19:18:00Z;217.03;217.28;217.28;216.97;688;
2f120621-2337-485c-b3c7-391436873d3c;2022-02-24T19:19:00Z;217.24;217.48;217.5;217.24;1643;
2f120621-2337-485c-b3c7-391436873d3c;2022-02-24T19:20:00Z;217.47;217.27;217.47;217.27;645;
2f120621-2337-485c-b3c7-391436873d3c;2022-02-24T19:21:00Z;217.31;217.38;217.38;217.24;699;
2f120621-2337-485c-b3c7-391436873d3c;2022-02-24T19:22:00Z;217.38;217.42;217.47;217.32;907;
2f120621-2337-485c-b3c7-391436873d3c;2022-02-24T19:23:00Z;217.4;217.28;217.42;217.23;1266;
2f120621-2337-485c-b3c7-391436873d3c;2022-02-24T19:24:00Z;217.28;217.18;217.3;217.13;1213;
2f120621-2337-485c-b3c7-391436873d3c;2022-02-24T19:25:00Z;217.21;217.31;217.45;217.19;4982;
2f120621-2337-485c-b3c7-391436873d3c;2022-02-24T19:26:00Z;217.29;217.21;217.33;217.13;2092;
2f120621-2337-485c-b3c7-391436873d3c;2022-02-24T19:27:00Z;217.22;217.14;217.24;217.11;955;
2f120621-2337-485c-b3c7-391436873d3c;2022-02-24T19:28:00Z;217.18;217.17;217.23;217.13;380;
2f120621-2337-485c-b3c7-391436873d3c;2022-02-24T19:29:00Z;217.16;217.2;217.22;217.1;704;
2f120621-2337-485c-b3c7-391436873d3c;2022-02-24T19:30:00Z;217.19;217.63;217.7;217.14;2203;
2f120621-2337-485c-b3c7-391436873d3c;2022-02-24T19:31:00Z;217.58;217.6;217.67;217.49;478;
2f120621-2337-485c-b3c7-391436873d3c;2022-02-24T19:32:00Z;217.62;217.67;217.73;217.61;1419;
2f120621-2337-485c-b3c7-391436873d3c;2022-02-24T19:33:00Z;217.68;217.88;217.88;217.64;2026;
2f120621-2337-485c-b3c7-391436873d3c;2022-02-24T19:34:00Z;217.85;218.19;218.19;217.85;3430;
2f120621-2337-485c-b3c7-391436873d3c;2022-02-24T19:35:00Z;218.23;218.21;218.35;218.11;2182;
2f120621-2337-485c-b3c7-391436873d3c;2022-02-24T19:36:00Z;218.27;218.45;218.53;218.24;1890;
2f120621-2337-485c-b3c7-391436873d3c;2022-02-24T19:37:00Z;218.46;218.65;218.69;218.43;2458;
2f120621-2337-485c-b3c7-391436873d3c;2022-02-24T19:38:00Z;218.57;218.69;218.84;218.54;1958;
2f120621-2337-485c-b3c7-391436873d3c;2022-02-24T19:39:00Z;218.71;218.85;218.97;218.63;2826;
2f120621-2337-485c-b3c7-391436873d3c;2022-02-24T19:40:00Z;218.86;218.44;218.93;218.32;4984;
2f120621-2337-485c-b3c7-391436873d3c;2022-02-24T19:41:00Z;218.42;218.39;218.47;218.27;1755;
2f120621-2337-485c-b3c7-391436873d3c;2022-02-24T19:42:00Z;218.43;218.6;218.6;218.33;2023;
2f120621-2337-485c-b3c7-391436873d3c;2022-02-24T19:43:00Z;218.61;218.53;218.72;218.45;3072;
2f120621-2337-485c-b3c7-391436873d3c;2022-02-24T19:44:00Z;218.56;218.37;218.56;218.34;1585;
2f120621-2337-485c-b3c7-391436873d3c;2022-02-24T19:45:00Z;218.34;218.36;218.5;218.29;1195;
2f120621-2337-485c-b3c7-391436873d3c;2022-02-24T19:46:00Z;218.4;218.54;218.58;218.38;267;
2f120621-2337-485c-b3c7-391436873d3c;2022-02-24T19:47:00Z;218.6;218.39;218.67;218.35;2510;
2f120621-2337-485c-b3c7-391436873d3c;2022-02-24T19:48:00Z;218.35;218.62;218.68;218.35;1229;
2f120621-2337-485c-b3c7-391436873d3c;2022-02-24T19:49:00Z;218.65;218.87;218.93;218.65;1558;
2f120621-2337-485c-b3c7-391436873d3c;2022-02-24T19:50:00Z;218.87;218.83;218.89;218.71;1307;
2f120621-2337-485c-b3c7-391436873d3c;2022-02-24T19:51:00Z;218.77;218.71;218.81;218.67;1565;
2f120621-2337-485c-b3c7-391436873d3c;2022-02-24T19:52:00Z;218.69;218.77;218.77;218.55;778;
2f120621-2337-485c-b3c7-391436873d3c;2022-02-24T19:53:00Z;218.72;218.69;218.86;218.58;3258;
2f120621-2337-485c-b3c7-391436873d3c;2022-02-24T19:54:00Z;218.68;218.78;218.79;218.59;1281;
2f120621-2337-485c-b3c7-391436873d3c;2022-02-24T19:55:00Z;218.72;218.7;218.77;218.5;3942;
2f120621-2337-485c-b3c7-391436873d3c;2022-02-24T19:56:00Z;218.71;218.59;218.78;218.52;3749;
2f120621-2337-485c-b3c7-391436873d3c;2022-02-24T19:57:00Z;218.6;218.59;218.68;218.59;638;
2f120621-2337-485c-b3c7-391436873d3c;2022-02-24T19:58:00Z;218.55;218.4;218.58;218.37;1130;
2f120621-2337-485c-b3c7-391436873d3c;2022-02-24T19:59:00Z;218.41;218.62;218.68;218.41;1692;
2f120621-2337-485c-b3c7-391436873d3c;2022-02-24T20:00:00Z;218.66;218.51;218.68;218.5;1343;
2f120621-2337-485c-b3c7-391436873d3c;2022-02-24T20:01:00Z;218.5;218.57;218.61;218.45;1283;
2f120621-2337-485c-b3c7-391436873d3c;2022-02-24T20:02:00Z;218.58;218.77;218.83;218.53;1648;
2f120621-2337-485c-b3c7-391436873d3c;2022-02-24T20:03:00Z;218.81;218.99;219;218.75;1902;
2f120621-2337-485c-b3c7-391436873d3c;2022-02-24T20:04:00Z;219;219.05;219.12;218.99;1678;
2f120621-2337-485c-b3c7-391436873d3c;2022-02-24T20:05:00Z;219.06;219;219.06;218.93;1386;
2f120621-2337-485c-b3c7-391436873d3c;2022-02-24T20:06:00Z;219;218.88;219.03;218.83;1544;
2f120621-2337-485c-b3c7-391436873d3c;2022-02-24T20:07:00Z;218.93;218.84;218.97;218.83;1467;
2f120621-2337-485c-b3c7-391436873d3c;2022-02-24T20:08:00Z;218.87;218.88;218.98;218.87;1669;
2f120621-2337-485c-b3c7-391436873d3c;2022-02-24T20:09:00Z;218.88;218.74;218.88;218.71;724;
2f120621-2337-485c-b3c7-391436873d3c;2022-02-24T20:10:00Z;218.74;218.91;218.96;218.73;1389;
2f120621-2337-485c-b3c7-391436873d3c;2022-02-24T20:11:00Z;218.89;218.81;218.92;218.74;1734;
2f120621-2337-485c-b3c7-391436873d3c;2022-02-24T20:12:00Z;218.84;218.79;218.87;218.74;1467;
2f120621-2337-485c-b3c7-391436873d3c;2022-02-24T20:13:00Z;218.75;218.72;218.82;218.69;2585;
2f120621-2337-485c-b3c7-391436873d3c;2022-02-24T20:14:00Z;218.78;218.9;218.94;218.74;1319;
2f120621-2337-485c-b3c7-391436873d3c;2022-02-24T20:15:00Z;218.87;218.75;218.94;218.75;2770;
2f120621-2337-485c-b3c7-391436873d3c;2022-02-24T20:16:00Z;218.76;218.4;218.76;218.39;1408;
2f120621-2337-485c-b3c7-391436873d3c;2022-02-24T20:17:00Z;218.38;218.51;218.56;218.27;1242;
2f120621-2337-485c-b3c7-391436873d3c;2022-02-24T20:18:00Z;218.5;218.61;218.66;218.46;1610;
2f120621-2337-485c-b3c7-391436873d3c;2022-02-24T20:19:00Z;218.66;218.75;218.78;218.63;1100;
2f120621-2337-485c-b3c7-391436873d3c;2022-02-24T20:20:00Z;218.73;218.62;218.74;218.48;1913;
2f120621-2337-485c-b3c7-391436873d3c;2022-02-24T20:21:00Z;218.58;218.6;218.63;218.53;712;
2f120621-2337-485c-b3c7-391436873d3c;2022-02-24T20:22:00Z;218.64;218.65;218.72;218.55;1433;
2f120621-2337-485c-b3c7-391436873d3c;2022-02-24T20:23:00Z;218.62;218.54;218.62;218.42;953;
2f120621-2337-485c-b3c7-391436873d3c;2022-02-24T20:24:00Z;218.6;218.47;218.6;218.43;1311;
2f120621-2337-485c-b3c7-391436873d3c;2022-02-24T20:25:00Z;218.45;218.54;218.6;218.43;1029;
2f120621-2337-485c-b3c7-391436873d3c;2022-02-24T20:26:00Z;218.49;218.39;218.55;218.35;2563;
2f120621-2337-485c-b3c7-391436873d3c;2022-02-24T20:27:00Z;218.33;218.26;218.36;218.24;2302;
2f120621-2337-485c-b3c7-391436873d3c;2022-02-24T20:28:00Z;218.27;217.98;218.34;217.98;2382;
2f120621-2337-485c-b3c7-391436873d3c;2022-02-24T20:29:00Z;217.98;217.78;218.02;217.71;1431;
2f120621-2337-485c-b3c7-391436873d3c;2022-02-24T20:30:00Z;217.77;217.74;217.83;217.7;2533;
2f120621-2337-485c-b3c7-391436873d3c;2022-02-24T20:31:00Z;217.81;218.01;218.04;217.78;1654;
2f120621-2337-485c-b3c7-391436873d3c;2022-02-24T20:32:00Z;218.05;218.29;218.32;218.02;2039;
2f120621-2337-485c-b3c7-391436873d3c;2022-02-24T20:33:00Z;218.34;218.62;218.71;218.3;2783;
2f120621-2337-485c-b3c7-391436873d3c;2022-02-24T20:34:00Z;218.63;218.88;218.88;218.59;1355;
2f120621-2337-485c-b3c7-391436873d3c;2022-02-24T20:35:00Z;218.84;219.09;219.09;218.66;3578;
2f120621-2337-485c-b3c7-391436873d3c;2022-02-24T20:36:00Z;219.04;219.16;219.18;219.03;2171;
2f120621-2337-485c-b3c7-391436873d3c;2022-02-24T20:37:00Z;219.16;219.09;219.22;219.06;3490;
2f120621-2337-485c-b3c7-391436873d3c;2022-02-24T20:38:00Z;219.13;218.92;219.13;218.87;4093;
2f120621-2337-485c-b3c7-391436873d3c;2022-02-24T20:39:00Z;218.95;218.91;219.07;218.86;1654;
2f120621-2337-485c-b3c7-391436873d3c;2022-02-24T20:40:00Z;218.9;218.88;218.95;218.8;3350;
2f120621-2337-485c-b3c7-391436873d3c;2022-02-24T20:41:00Z;218.89;218.95;218.98;218.87;1991;
2f120621-2337-485c-b3c7-391436873d3c;2022-02-24T20:42:00Z;218.96;218.71;219.03;218.71;2887;
2f120621-2337-485c-b3c7-391436873d3c;2022-02-24T20:43:00Z;218.74;218.62;218.82;218.62;2417;
2f120621-2337-485c-b3c7-391436873d3c;2022-02-24T20:44:00Z;218.63;218.45;218.63;218.43;1562;
2f120621-2337-485c-b3c7-391436873d3c;2022-02-24T20:45:00Z;218.42;218.65;218.67;218.39;4405;
2f120621-2337-485c-b3c7-391436873d3c;2022-02-24T20:46:00Z;218.61;218.57;218.63;218.44;2894;
2f120621-2337-485c-b3c7-391436873d3c;2022-02-24T20:47:00Z;218.55;218.51;218.61;218.42;2170;
2f120621-2337-485c-b3c7-391436873d3c;2022-02-24T20:48:00Z;218.5;218.5;218.55;218.44;4835;
2f120621-2337-485c-b3c7-391436873d3c;2022-02-24T20:49:00Z;218.49;218.35;218.51;218.27;4455;
2f120621-2337-485c-b3c7-391436873d3c;2022-02-24T20:50:00Z;218.4;218.55;218.58;218.2;13862;
2f120621-2337-485c-b3c7-391436873d3c;2022-02-24T20:51:00Z;218.57;218.53;218.66;218.49;4087;
2f120621-2337-485c-b3c7-391436873d3c;2022-02-24T20:52:00Z;218.55;218.67;218.82;218.52;5622;
2f120621-2337-485c-b3c7-391436873d3c;2022-02-24T20:53:00Z;218.71;218.99;219.07;218.69;3170;
2f120621-2337-485c-b3c7-391436873d3c;2022-02-24T20:54:00Z;218.97;218.98;219.08;218.86;6421;
2f120621-2337-485c-b3c7-391436873d3c;2022-02-24T20:55:00Z;219.04;219.15;219.18;218.97;11645;
2f120621-2337-485c-b3c7-391436873d3c;2022-02-24T20:56:00Z;219.14;219.13;219.27;219.06;9345;
2f120621-2337-485c-b3c7-391436873d3c;2022-02-24T20:57:00Z;219.13;218.92;219.15;218.89;12551;
2f120621-2337-485c-b3c7-391436873d3c;2022-02-24T20:58:00Z;218.91;218.78;218.94;218.74;19472;
2f120621-2337-485c-b3c7-391436873d3c;2022-02-24T20:59:00Z;218.76;219.29;219.41;218.76;52803;
2f120621-2337-485c-b3c7-391436873d3c;2022-02-24T21:00:00Z;219.04;219.27;219.27;218.94;580476;
2f120621-2337-485c-b3c7-391436873d3c;2022-02-24T21:01:00Z;218.89;217.99;218.89;217.99;3;
2f120621-2337-485c-b3c7-391436873d3c;2022-02-24T21:04:00Z;217.81;215.34;217.81;215.34;4;
2f120621-2337-485c-b3c7-391436873d3c;2022-02-24T21:05:00Z;215.34;215.34;215.34;215.34;2;
2f120621-2337-485c-b3c7-391436873d3c;2022-02-24T21:06:00Z;216.94;216.94;216.94;216.94;3;
2f120621-2337-485c-b3c7-391436873d3c;2022-02-24T21:16:00Z;215.81;215.54;215.81;215.54;45;
2f120621-2337-485c-b3c7-391436873d3c;2022-02-24T21:23:00Z;215.37;215.37;215.37;215.37;3;
2f120621-2337-485c-b3c7-391436873d3c;2022-02-24T21:30:00Z;216;216;216;216;1;
2f120621-2337-485c-b3c7-391436873d3c;2022-02-24T21:32:00Z;216.01;216.01;216.01;216.01;1;
2f120621-2337-485c-b3c7-391436873d3c;2022-02-24T21:33:00Z;216.01;216.02;216.02;216.01;4;
2f120621-2337-485c-b3c7-391436873d3c;2022-02-24T21:37:00Z;217.99;217.99;217.99;217.99;290;
2f120621-2337-485c-b3c7-391436873d3c;2022-02-24T21:39:00Z;216.01;216.01;216.01;216.01;2;
2f120621-2337-485c-b3c7-391436873d3c;2022-02-24T21:40:00Z;216;216;216;216;2;
2f120621-2337-485c-b3c7-391436873d3c;2022-02-24T21:41:00Z;217.75;218;218;217.75;189;
2f120621-2337-485c-b3c7-391436873d3c;2022-02-24T21:47:00Z;218;218;218;218;300;
2f120621-2337-485c-b3c7-391436873d3c;2022-02-24T21:48:00Z;218;218;218;218;100;
2f120621-2337-485c-b3c7-391436873d3c;2022-02-24T21:49:00Z;218;218;218;218;100;
2f120621-2337-485c-b3c7-391436873d3c;2022-02-24T21:50:00Z;218;218;218;218;453;
2f120621-2337-485c-b3c7-391436873d3c;2022-02-24T21:51:00Z;216;216;219.24;216;56;
2f120621-2337-485c-b3c7-391436873d3c;2022-02-24T21:52:00Z;217.96;218.61;219.03;217.96;21;
2f120621-2337-485c-b3c7-391436873d3c;2022-02-24T21:55:00Z;215.5;216.01;216.02;215.5;10;
2f120621-2337-485c-b3c7-391436873d3c;2022-02-24T21:56:00Z;219.04;219.04;219.04;219.04;16;
2f120621-2337-485c-b3c7-391436873d3c;2022-02-24T22:02:00Z;217.26;216.59;217.26;216.59;103;
2f120621-2337-485c-b3c7-391436873d3c;2022-02-24T22:05:00Z;216;216;216;216;1;
2f120621-2337-485c-b3c7-391436873d3c;2022-02-24T22:22:00Z;216.04;216.03;216.04;216.03;6;
2f120621-2337-485c-b3c7-391436873d3c;2022-02-24T22:23:00Z;216.03;216.55;216.55;216.03;7;
2f120621-2337-485c-b3c7-391436873d3c;2022-02-24T22:38:00Z;216.78;216.78;216.78;216.78;1;
