2f120621-2337-485c-b3c7-391436873d3c;2022-05-26T12:00:00Z;253.49;253.99;253.99;253.49;2;
2f120621-2337-485c-b3c7-391436873d3c;2022-05-26T12:09:00Z;254;254;254;254;1;
2f120621-2337-485c-b3c7-391436873d3c;2022-05-26T12:28:00Z;253.99;253.99;253.99;253.99;2;
2f120621-2337-485c-b3c7-391436873d3c;2022-05-26T12:39:00Z;253.8;253.8;253.97;253.8;13;
2f120621-2337-485c-b3c7-391436873d3c;2022-05-26T12:45:00Z;253.35;253.35;253.35;253.35;2;
2f120621-2337-485c-b3c7-391436873d3c;2022-05-26T12:47:00Z;253.64;253.8;253.8;253.64;23;
2f120621-2337-485c-b3c7-391436873d3c;2022-05-26T13:02:00Z;253.52;253.57;253.57;253.52;2;
2f120621-2337-485c-b3c7-391436873d3c;2022-05-26T13:03:00Z;253.68;253.8;253.8;253.68;153;
2f120621-2337-485c-b3c7-391436873d3c;2022-05-26T13:09:00Z;253.8;253.8;253.8;253.8;10;
2f120621-2337-485c-b3c7-391436873d3c;2022-05-26T13:13:00Z;253.78;253.8;253.8;253.78;34;
2f120621-2337-485c-b3c7-391436873d3c;2022-05-26T13:17:00Z;253.38;253.35;253.38;253.35;25;
2f120621-2337-485c-b3c7-391436873d3c;2022-05-26T13:30:00Z;253.61;253.92;254.28;253.39;29376;
2f120621-2337-485c-b3c7-391436873d3c;2022-05-26T13:31:00Z;253.72;253.75;253.95;253.6;783;
2f120621-2337-485c-b3c7-391436873d3c;2022-05-26T13:32:00Z;253.61;253.34;253.9;253.25;4268;
2f120621-2337-485c-b3c7-391436873d3c;2022-05-26T13:33:00Z;253.26;253.08;253.27;252.88;3072;
2f120621-2337-485c-b3c7-391436873d3c;2022-05-26T13:34:00Z;253.13;253.18;253.32;253.03;5197;
2f120621-2337-485c-b3c7-391436873d3c;2022-05-26T13:35:00Z;253.16;252.83;253.16;252.8;750;
2f120621-2337-485c-b3c7-391436873d3c;2022-05-26T13:36:00Z;252.93;252.79;253.2;252.7;2393;
2f120621-2337-485c-b3c7-391436873d3c;2022-05-26T13:37:00Z;252.78;253.14;253.14;252.62;1360;
2f120621-2337-485c-b3c7-391436873d3c;2022-05-26T13:38:00Z;253.28;253.24;253.47;253.08;3035;
2f120621-2337-485c-b3c7-391436873d3c;2022-05-26T13:39:00Z;253.27;253.5;253.5;253.21;1021;
2f120621-2337-485c-b3c7-391436873d3c;2022-05-26T13:40:00Z;253.65;253.6;253.74;253.43;2425;
2f120621-2337-485c-b3c7-391436873d3c;2022-05-26T13:41:00Z;253.59;253.42;253.59;253.35;1059;
2f120621-2337-485c-b3c7-391436873d3c;2022-05-26T13:42:00Z;253.49;253.79;253.84;253.45;6442;
2f120621-2337-485c-b3c7-391436873d3c;2022-05-26T13:43:00Z;253.76;253.81;253.86;253.72;1006;
2f120621-2337-485c-b3c7-391436873d3c;2022-05-26T13:44:00Z;253.9;253.95;254.1;253.66;2640;
2f120621-2337-485c-b3c7-391436873d3c;2022-05-26T13:45:00Z;253.94;253.07;253.94;253.07;2201;
2f120621-2337-485c-b3c7-391436873d3c;2022-05-26T13:46:00Z;253.06;253.38;253.44;252.99;1843;
2f120621-2337-485c-b3c7-391436873d3c;2022-05-26T13:47:00Z;253.39;253.6;253.67;253.38;3368;
2f120621-2337-485c-b3c7-391436873d3c;2022-05-26T13:48:00Z;253.55;253.47;253.68;253.44;2050;
2f120621-2337-485c-b3c7-391436873d3c;2022-05-26T13:49:00Z;253.43;253.33;253.48;253.26;2121;
2f120621-2337-485c-b3c7-391436873d3c;2022-05-26T13:50:00Z;253.41;253.33;253.51;253.33;992;
2f120621-2337-485c-b3c7-391436873d3c;2022-05-26T13:51:00Z;253.34;253.34;253.49;253.33;404;
2f120621-2337-485c-b3c7-391436873d3c;2022-05-26T13:52:00Z;253.28;253.37;253.45;253.26;3737;
2f120621-2337-485c-b3c7-391436873d3c;2022-05-26T13:53:00Z;253.38;253.42;253.53;253.37;366;
2f120621-2337-485c-b3c7-391436873d3c;2022-05-26T13:54:00Z;253.38;253.67;253.67;253.28;2292;
2f120621-2337-485c-b3c7-391436873d3c;2022-05-26T13:55:00Z;253.65;253.8;253.9;253.65;2448;
2f120621-2337-485c-b3c7-391436873d3c;2022-05-26T13:56:00Z;253.83;253.78;253.86;253.66;2288;
2f120621-2337-485c-b3c7-391436873d3c;2022-05-26T13:57:00Z;253.8;254.06;254.06;253.8;2380;
2f120621-2337-485c-b3c7-391436873d3c;2022-05-26T13:58:00Z;254.11;254.2;254.39;254.04;2129;
2f120621-2337-485c-b3c7-391436873d3c;2022-05-26T13:59:00Z;254.17;254.41;254.45;254.12;3996;
2f120621-2337-485c-b3c7-391436873d3c;2022-05-26T14:00:00Z;254.26;254.26;254.31;254.1;3319;
2f120621-2337-485c-b3c7-391436873d3c;2022-05-26T14:01:00Z;254.22;254.07;254.24;253.97;564;
2f120621-2337-485c-b3c7-391436873d3c;2022-05-26T14:02:00Z;254.1;254.48;254.51;254.1;2095;
2f120621-2337-485c-b3c7-391436873d3c;2022-05-26T14:03:00Z;254.47;254.26;254.49;254.14;2017;
2f120621-2337-485c-b3c7-391436873d3c;2022-05-26T14:04:00Z;254.3;254.63;254.7;254.3;1676;
2f120621-2337-485c-b3c7-391436873d3c;2022-05-26T14:05:00Z;254.65;254.4;254.7;254.33;1436;
2f120621-2337-485c-b3c7-391436873d3c;2022-05-26T14:06:00Z;254.4;254.05;254.4;253.92;592;
2f120621-2337-485c-b3c7-391436873d3c;2022-05-26T14:07:00Z;254.06;254.02;254.1;254.01;205;
2f120621-2337-485c-b3c7-391436873d3c;2022-05-26T14:08:00Z;253.99;254.22;254.28;253.91;1805;
2f120621-2337-485c-b3c7-391436873d3c;2022-05-26T14:09:00Z;254.25;254.19;254.26;254.18;192;
2f120621-2337-485c-b3c7-391436873d3c;2022-05-26T14:10:00Z;254.16;254.03;254.2;254.01;2379;
2f120621-2337-485c-b3c7-391436873d3c;2022-05-26T14:11:00Z;254.01;254.05;254.15;254.01;1288;
2f120621-2337-485c-b3c7-391436873d3c;2022-05-26T14:12:00Z;254.03;253.96;254.13;253.85;1422;
2f120621-2337-485c-b3c7-391436873d3c;2022-05-26T14:13:00Z;253.98;253.89;254.21;253.78;2803;
2f120621-2337-485c-b3c7-391436873d3c;2022-05-26T14:14:00Z;253.97;254.02;254.16;253.89;927;
2f120621-2337-485c-b3c7-391436873d3c;2022-05-26T14:15:00Z;254.03;254.14;254.28;254.03;2415;
2f120621-2337-485c-b3c7-391436873d3c;2022-05-26T14:16:00Z;254.13;254.23;254.32;254.11;894;
2f120621-2337-485c-b3c7-391436873d3c;2022-05-26T14:17:00Z;254.09;254.06;254.18;253.98;1239;
2f120621-2337-485c-b3c7-391436873d3c;2022-05-26T14:18:00Z;254.02;253.98;254.04;253.95;540;
2f120621-2337-485c-b3c7-391436873d3c;2022-05-26T14:19:00Z;253.93;253.68;253.98;253.58;3047;
2f120621-2337-485c-b3c7-391436873d3c;2022-05-26T14:20:00Z;253.64;253.4;253.64;253.4;671;
2f120621-2337-485c-b3c7-391436873d3c;2022-05-26T14:21:00Z;253.46;253.52;253.59;253.37;1720;
2f120621-2337-485c-b3c7-391436873d3c;2022-05-26T14:22:00Z;253.4;253.73;253.93;253.38;3437;
2f120621-2337-485c-b3c7-391436873d3c;2022-05-26T14:23:00Z;253.74;254.07;254.07;253.74;3513;
2f120621-2337-485c-b3c7-391436873d3c;2022-05-26T14:24:00Z;254.02;253.96;254.07;253.82;1389;
2f120621-2337-485c-b3c7-391436873d3c;2022-05-26T14:25:00Z;253.91;254.02;254.04;253.91;815;
2f120621-2337-485c-b3c7-391436873d3c;2022-05-26T14:26:00Z;254.08;254.37;254.38;254.07;2379;
2f120621-2337-485c-b3c7-391436873d3c;2022-05-26T14:27:00Z;254.3;254.16;254.33;254.1;1443;
2f120621-2337-485c-b3c7-391436873d3c;2022-05-26T14:28:00Z;254.16;254.46;254.46;254.16;1366;
2f120621-2337-485c-b3c7-391436873d3c;2022-05-26T14:29:00Z;254.49;254.71;254.79;254.49;1995;
2f120621-2337-485c-b3c7-391436873d3c;2022-05-26T14:30:00Z;254.77;254.84;254.89;254.66;2365;
2f120621-2337-485c-b3c7-391436873d3c;2022-05-26T14:31:00Z;254.83;254.79;254.9;254.76;2064;
2f120621-2337-485c-b3c7-391436873d3c;2022-05-26T14:32:00Z;254.81;254.58;254.85;254.51;2947;
2f120621-2337-485c-b3c7-391436873d3c;2022-05-26T14:33:00Z;254.59;254.67;254.67;254.51;1333;
2f120621-2337-485c-b3c7-391436873d3c;2022-05-26T14:34:00Z;254.67;255.08;255.08;254.67;9366;
2f120621-2337-485c-b3c7-391436873d3c;2022-05-26T14:35:00Z;255.05;255.17;255.22;255;2808;
2f120621-2337-485c-b3c7-391436873d3c;2022-05-26T14:36:00Z;255.19;254.98;255.22;254.95;3002;
2f120621-2337-485c-b3c7-391436873d3c;2022-05-26T14:37:00Z;254.95;254.97;254.99;254.77;1168;
2f120621-2337-485c-b3c7-391436873d3c;2022-05-26T14:38:00Z;254.91;255.1;255.1;254.91;670;
2f120621-2337-485c-b3c7-391436873d3c;2022-05-26T14:39:00Z;255.07;255.42;255.44;255.01;3858;
2f120621-2337-485c-b3c7-391436873d3c;2022-05-26T14:40:00Z;255.44;255.42;255.62;255.39;2840;
2f120621-2337-485c-b3c7-391436873d3c;2022-05-26T14:41:00Z;255.41;255.45;255.47;255.32;1886;
2f120621-2337-485c-b3c7-391436873d3c;2022-05-26T14:42:00Z;255.4;255.15;255.47;255.06;2516;
2f120621-2337-485c-b3c7-391436873d3c;2022-05-26T14:43:00Z;255.07;255.18;255.2;255.01;2513;
2f120621-2337-485c-b3c7-391436873d3c;2022-05-26T14:44:00Z;255.17;254.99;255.18;254.93;3744;
2f120621-2337-485c-b3c7-391436873d3c;2022-05-26T14:45:00Z;255.01;254.98;255.04;254.92;1018;
2f120621-2337-485c-b3c7-391436873d3c;2022-05-26T14:46:00Z;254.9;254.53;254.97;254.45;1792;
2f120621-2337-485c-b3c7-391436873d3c;2022-05-26T14:47:00Z;254.51;254.5;254.58;254.25;967;
2f120621-2337-485c-b3c7-391436873d3c;2022-05-26T14:48:00Z;254.49;254.6;254.71;254.49;1169;
2f120621-2337-485c-b3c7-391436873d3c;2022-05-26T14:49:00Z;254.67;254.76;254.77;254.62;555;
2f120621-2337-485c-b3c7-391436873d3c;2022-05-26T14:50:00Z;254.77;254.87;254.9;254.77;1113;
2f120621-2337-485c-b3c7-391436873d3c;2022-05-26T14:51:00Z;254.98;254.99;255.02;254.92;1291;
2f120621-2337-485c-b3c7-391436873d3c;2022-05-26T14:52:00Z;255.01;255.01;255.09;254.89;3680;
2f120621-2337-485c-b3c7-391436873d3c;2022-05-26T14:53:00Z;255;254.84;255;254.8;4281;
2f120621-2337-485c-b3c7-391436873d3c;2022-05-26T14:54:00Z;254.82;254.82;254.88;254.72;697;
2f120621-2337-485c-b3c7-391436873d3c;2022-05-26T14:55:00Z;254.79;254.52;254.79;254.46;1316;
2f120621-2337-485c-b3c7-391436873d3c;2022-05-26T14:56:00Z;254.48;254.39;254.62;254.39;1622;
2f120621-2337-485c-b3c7-391436873d3c;2022-05-26T14:57:00Z;254.39;254.61;254.62;254.35;1861;
2f120621-2337-485c-b3c7-391436873d3c;2022-05-26T14:58:00Z;254.65;254.76;254.8;254.6;319;
2f120621-2337-485c-b3c7-391436873d3c;2022-05-26T14:59:00Z;254.81;254.61;254.88;254.61;2159;
2f120621-2337-485c-b3c7-391436873d3c;2022-05-26T15:00:00Z;254.6;254.71;254.72;254.5;1477;
2f120621-2337-485c-b3c7-391436873d3c;2022-05-26T15:01:00Z;254.71;254.83;254.86;254.7;1547;
2f120621-2337-485c-b3c7-391436873d3c;2022-05-26T15:02:00Z;254.83;254.73;254.83;254.67;1114;
2f120621-2337-485c-b3c7-391436873d3c;2022-05-26T15:03:00Z;254.68;254.7;254.77;254.64;1060;
2f120621-2337-485c-b3c7-391436873d3c;2022-05-26T15:04:00Z;254.72;254.67;254.8;254.67;716;
2f120621-2337-485c-b3c7-391436873d3c;2022-05-26T15:05:00Z;254.65;254.66;254.68;254.47;1892;
2f120621-2337-485c-b3c7-391436873d3c;2022-05-26T15:06:00Z;254.64;254.64;254.64;254.63;737;
2f120621-2337-485c-b3c7-391436873d3c;2022-05-26T15:07:00Z;254.69;254.85;254.9;254.68;736;
2f120621-2337-485c-b3c7-391436873d3c;2022-05-26T15:08:00Z;254.8;254.7;254.83;254.6;3247;
2f120621-2337-485c-b3c7-391436873d3c;2022-05-26T15:09:00Z;254.69;254.76;254.8;254.69;363;
2f120621-2337-485c-b3c7-391436873d3c;2022-05-26T15:10:00Z;254.77;254.7;254.8;254.7;2187;
2f120621-2337-485c-b3c7-391436873d3c;2022-05-26T15:11:00Z;254.76;254.85;254.87;254.73;871;
2f120621-2337-485c-b3c7-391436873d3c;2022-05-26T15:12:00Z;254.88;254.85;254.93;254.81;3730;
2f120621-2337-485c-b3c7-391436873d3c;2022-05-26T15:13:00Z;254.84;254.74;254.86;254.71;1473;
2f120621-2337-485c-b3c7-391436873d3c;2022-05-26T15:14:00Z;254.72;254.68;254.73;254.59;2215;
2f120621-2337-485c-b3c7-391436873d3c;2022-05-26T15:15:00Z;254.66;254.76;254.8;254.66;896;
2f120621-2337-485c-b3c7-391436873d3c;2022-05-26T15:16:00Z;254.74;254.76;254.8;254.73;716;
2f120621-2337-485c-b3c7-391436873d3c;2022-05-26T15:17:00Z;254.74;254.76;254.77;254.7;1714;
2f120621-2337-485c-b3c7-391436873d3c;2022-05-26T15:18:00Z;254.72;254.65;254.72;254.53;3640;
2f120621-2337-485c-b3c7-391436873d3c;2022-05-26T15:19:00Z;254.64;254.67;254.72;254.6;1173;
2f120621-2337-485c-b3c7-391436873d3c;2022-05-26T15:20:00Z;254.72;254.66;254.76;254.63;285;
2f120621-2337-485c-b3c7-391436873d3c;2022-05-26T15:21:00Z;254.72;254.6;254.72;254.56;1684;
2f120621-2337-485c-b3c7-391436873d3c;2022-05-26T15:22:00Z;254.57;254.41;254.59;254.41;682;
2f120621-2337-485c-b3c7-391436873d3c;2022-05-26T15:23:00Z;254.46;254.52;254.59;254.44;953;
2f120621-2337-485c-b3c7-391436873d3c;2022-05-26T15:24:00Z;254.53;254.31;254.53;254.27;702;
2f120621-2337-485c-b3c7-391436873d3c;2022-05-26T15:25:00Z;254.28;254.23;254.41;254.23;1217;
2f120621-2337-485c-b3c7-391436873d3c;2022-05-26T15:26:00Z;254.22;254.24;254.3;254.19;591;
2f120621-2337-485c-b3c7-391436873d3c;2022-05-26T15:27:00Z;254.25;254.34;254.34;254.18;1296;
2f120621-2337-485c-b3c7-391436873d3c;2022-05-26T15:28:00Z;254.34;254.19;254.34;254.18;1307;
2f120621-2337-485c-b3c7-391436873d3c;2022-05-26T15:29:00Z;254.2;254.4;254.4;254.18;1128;
2f120621-2337-485c-b3c7-391436873d3c;2022-05-26T15:30:00Z;254.38;254.63;254.63;254.38;501;
2f120621-2337-485c-b3c7-391436873d3c;2022-05-26T15:31:00Z;254.65;254.68;254.77;254.62;1932;
2f120621-2337-485c-b3c7-391436873d3c;2022-05-26T15:32:00Z;254.62;254.67;254.7;254.62;814;
2f120621-2337-485c-b3c7-391436873d3c;2022-05-26T15:33:00Z;254.64;254.59;254.66;254.54;2002;
2f120621-2337-485c-b3c7-391436873d3c;2022-05-26T15:34:00Z;254.6;254.6;254.63;254.53;939;
2f120621-2337-485c-b3c7-391436873d3c;2022-05-26T15:35:00Z;254.57;254.61;254.67;254.51;586;
2f120621-2337-485c-b3c7-391436873d3c;2022-05-26T15:36:00Z;254.62;254.51;254.62;254.49;2376;
2f120621-2337-485c-b3c7-391436873d3c;2022-05-26T15:37:00Z;254.46;254.4;254.5;254.35;2603;
2f120621-2337-485c-b3c7-391436873d3c;2022-05-26T15:38:00Z;254.39;254.42;254.45;254.35;614;
2f120621-2337-485c-b3c7-391436873d3c;2022-05-26T15:39:00Z;254.46;254.43;254.48;254.43;237;
2f120621-2337-485c-b3c7-391436873d3c;2022-05-26T15:40:00Z;254.39;254.58;254.6;254.37;2861;
2f120621-2337-485c-b3c7-391436873d3c;2022-05-26T15:41:00Z;254.62;254.33;254.64;254.31;3153;
2f120621-2337-485c-b3c7-391436873d3c;2022-05-26T15:42:00Z;254.33;254.22;254.33;254.11;1780;
2f120621-2337-485c-b3c7-391436873d3c;2022-05-26T15:43:00Z;254.24;253.97;254.24;253.88;810;
2f120621-2337-485c-b3c7-391436873d3c;2022-05-26T15:44:00Z;254.02;254.03;254.03;253.97;325;
2f120621-2337-485c-b3c7-391436873d3c;2022-05-26T15:45:00Z;254.02;254.03;254.07;253.98;681;
2f120621-2337-485c-b3c7-391436873d3c;2022-05-26T15:46:00Z;254.01;254.01;254.05;253.96;835;
2f120621-2337-485c-b3c7-391436873d3c;2022-05-26T15:47:00Z;253.98;253.93;254;253.86;2763;
2f120621-2337-485c-b3c7-391436873d3c;2022-05-26T15:48:00Z;253.94;253.8;253.94;253.8;309;
2f120621-2337-485c-b3c7-391436873d3c;2022-05-26T15:49:00Z;253.82;253.71;253.9;253.71;1981;
2f120621-2337-485c-b3c7-391436873d3c;2022-05-26T15:50:00Z;253.71;253.68;253.71;253.64;1058;
2f120621-2337-485c-b3c7-391436873d3c;2022-05-26T15:51:00Z;253.68;253.5;253.68;253.5;759;
2f120621-2337-485c-b3c7-391436873d3c;2022-05-26T15:52:00Z;253.52;253.23;253.52;253.22;847;
2f120621-2337-485c-b3c7-391436873d3c;2022-05-26T15:53:00Z;253.28;253.37;253.41;253.24;1399;
2f120621-2337-485c-b3c7-391436873d3c;2022-05-26T15:54:00Z;253.35;253.45;253.45;253.35;280;
2f120621-2337-485c-b3c7-391436873d3c;2022-05-26T15:55:00Z;253.44;253.4;253.59;253.4;1318;
2f120621-2337-485c-b3c7-391436873d3c;2022-05-26T15:56:00Z;253.45;253.53;253.53;253.45;560;
2f120621-2337-485c-b3c7-391436873d3c;2022-05-26T15:57:00Z;253.48;253.24;253.5;253.21;1578;
2f120621-2337-485c-b3c7-391436873d3c;2022-05-26T15:58:00Z;253.19;253.22;253.23;253.09;955;
2f120621-2337-485c-b3c7-391436873d3c;2022-05-26T15:59:00Z;253.25;253.21;253.25;253.18;1675;
2f120621-2337-485c-b3c7-391436873d3c;2022-05-26T16:00:00Z;253.23;253.28;253.32;253.17;1320;
2f120621-2337-485c-b3c7-391436873d3c;2022-05-26T16:01:00Z;253.28;253.39;253.43;253.25;849;
2f120621-2337-485c-b3c7-391436873d3c;2022-05-26T16:02:00Z;253.37;253.35;253.4;253.3;984;
2f120621-2337-485c-b3c7-391436873d3c;2022-05-26T16:03:00Z;253.36;253.33;253.4;253.31;1328;
2f120621-2337-485c-b3c7-391436873d3c;2022-05-26T16:04:00Z;253.3;253.23;253.34;253.19;2455;
2f120621-2337-485c-b3c7-391436873d3c;2022-05-26T16:05:00Z;253.21;252.98;253.21;252.98;1348;
2f120621-2337-485c-b3c7-391436873d3c;2022-05-26T16:06:00Z;252.95;252.9;253.02;252.88;890;
2f120621-2337-485c-b3c7-391436873d3c;2022-05-26T16:07:00Z;252.85;252.9;252.92;252.84;1734;
2f120621-2337-485c-b3c7-391436873d3c;2022-05-26T16:08:00Z;252.96;252.91;253;252.88;828;
2f120621-2337-485c-b3c7-391436873d3c;2022-05-26T16:09:00Z;252.86;252.97;252.97;252.86;518;
2f120621-2337-485c-b3c7-391436873d3c;2022-05-26T16:10:00Z;252.96;253;253.06;252.93;710;
2f120621-2337-485c-b3c7-391436873d3c;2022-05-26T16:11:00Z;252.99;252.96;253.03;252.95;759;
2f120621-2337-485c-b3c7-391436873d3c;2022-05-26T16:12:00Z;252.92;252.84;252.96;252.84;2352;
2f120621-2337-485c-b3c7-391436873d3c;2022-05-26T16:13:00Z;252.83;252.73;252.83;252.65;1527;
2f120621-2337-485c-b3c7-391436873d3c;2022-05-26T16:14:00Z;252.71;252.58;252.72;252.56;1684;
2f120621-2337-485c-b3c7-391436873d3c;2022-05-26T16:15:00Z;252.54;252.27;252.57;252.08;11144;
2f120621-2337-485c-b3c7-391436873d3c;2022-05-26T16:16:00Z;252.29;252.48;252.48;252.27;1077;
2f120621-2337-485c-b3c7-391436873d3c;2022-05-26T16:17:00Z;252.42;252.44;252.48;252.37;1142;
2f120621-2337-485c-b3c7-391436873d3c;2022-05-26T16:18:00Z;252.47;252.47;252.53;252.46;507;
2f120621-2337-485c-b3c7-391436873d3c;2022-05-26T16:19:00Z;252.48;252.42;252.49;252.33;3585;
2f120621-2337-485c-b3c7-391436873d3c;2022-05-26T16:20:00Z;252.4;252.29;252.41;252.29;4208;
2f120621-2337-485c-b3c7-391436873d3c;2022-05-26T16:21:00Z;252.3;252.28;252.31;252.18;1869;
2f120621-2337-485c-b3c7-391436873d3c;2022-05-26T16:22:00Z;252.25;252.41;252.43;252.23;1997;
2f120621-2337-485c-b3c7-391436873d3c;2022-05-26T16:23:00Z;252.4;252.61;252.64;252.4;708;
2f120621-2337-485c-b3c7-391436873d3c;2022-05-26T16:24:00Z;252.62;252.59;252.64;252.59;504;
2f120621-2337-485c-b3c7-391436873d3c;2022-05-26T16:25:00Z;252.61;252.56;252.63;252.54;1848;
2f120621-2337-485c-b3c7-391436873d3c;2022-05-26T16:26:00Z;252.57;252.66;252.67;252.57;1178;
2f120621-2337-485c-b3c7-391436873d3c;2022-05-26T16:27:00Z;252.67;252.78;252.78;252.66;685;
2f120621-2337-485c-b3c7-391436873d3c;2022-05-26T16:28:00Z;252.77;252.63;252.77;252.63;856;
2f120621-2337-485c-b3c7-391436873d3c;2022-05-26T16:29:00Z;252.67;252.51;252.69;252.49;1864;
2f120621-2337-485c-b3c7-391436873d3c;2022-05-26T16:30:00Z;252.52;252.63;252.68;252.51;1359;
2f120621-2337-485c-b3c7-391436873d3c;2022-05-26T16:31:00Z;252.69;252.64;252.75;252.63;1794;
2f120621-2337-485c-b3c7-391436873d3c;2022-05-26T16:32:00Z;252.63;252.45;252.66;252.44;1052;
2f120621-2337-485c-b3c7-391436873d3c;2022-05-26T16:33:00Z;252.49;252.47;252.56;252.45;1124;
2f120621-2337-485c-b3c7-391436873d3c;2022-05-26T16:34:00Z;252.47;252.62;252.65;252.47;819;
2f120621-2337-485c-b3c7-391436873d3c;2022-05-26T16:35:00Z;252.66;252.73;252.75;252.63;794;
2f120621-2337-485c-b3c7-391436873d3c;2022-05-26T16:36:00Z;252.7;252.68;252.76;252.66;1052;
2f120621-2337-485c-b3c7-391436873d3c;2022-05-26T16:37:00Z;252.68;252.69;252.72;252.65;643;
2f120621-2337-485c-b3c7-391436873d3c;2022-05-26T16:38:00Z;252.67;252.59;252.72;252.57;2316;
2f120621-2337-485c-b3c7-391436873d3c;2022-05-26T16:39:00Z;252.6;252.62;252.67;252.58;706;
2f120621-2337-485c-b3c7-391436873d3c;2022-05-26T16:40:00Z;252.65;252.63;252.7;252.58;2140;
2f120621-2337-485c-b3c7-391436873d3c;2022-05-26T16:41:00Z;252.61;252.75;252.77;252.61;753;
2f120621-2337-485c-b3c7-391436873d3c;2022-05-26T16:42:00Z;252.73;252.78;252.86;252.73;1116;
2f120621-2337-485c-b3c7-391436873d3c;2022-05-26T16:43:00Z;252.79;252.98;253.17;252.78;3706;
2f120621-2337-485c-b3c7-391436873d3c;2022-05-26T16:44:00Z;252.99;252.99;253.05;252.97;1094;
2f120621-2337-485c-b3c7-391436873d3c;2022-05-26T16:45:00Z;253;252.84;253;252.82;2681;
2f120621-2337-485c-b3c7-391436873d3c;2022-05-26T16:46:00Z;252.88;252.86;252.91;252.84;2088;
2f120621-2337-485c-b3c7-391436873d3c;2022-05-26T16:47:00Z;252.85;252.81;252.88;252.81;453;
2f120621-2337-485c-b3c7-391436873d3c;2022-05-26T16:48:00Z;252.83;252.86;252.91;252.8;1260;
2f120621-2337-485c-b3c7-391436873d3c;2022-05-26T16:49:00Z;252.98;252.92;253;252.88;1194;
2f120621-2337-485c-b3c7-391436873d3c;2022-05-26T16:50:00Z;252.89;252.93;252.93;252.79;490;
2f120621-2337-485c-b3c7-391436873d3c;2022-05-26T16:51:00Z;252.92;252.88;252.93;252.81;541;
2f120621-2337-485c-b3c7-391436873d3c;2022-05-26T16:52:00Z;252.86;252.83;252.91;252.81;1942;
2f120621-2337-485c-b3c7-391436873d3c;2022-05-26T16:53:00Z;252.83;252.85;252.87;252.78;606;
2f120621-2337-485c-b3c7-391436873d3c;2022-05-26T16:54:00Z;252.83;252.9;252.92;252.8;1360;
2f120621-2337-485c-b3c7-391436873d3c;2022-05-26T16:55:00Z;252.87;253.03;253.03;252.85;594;
2f120621-2337-485c-b3c7-391436873d3c;2022-05-26T16:56:00Z;253;253.05;253.06;252.92;1847;
2f120621-2337-485c-b3c7-391436873d3c;2022-05-26T16:57:00Z;253.04;253.12;253.12;252.99;376;
2f120621-2337-485c-b3c7-391436873d3c;2022-05-26T16:58:00Z;253.14;253.15;253.17;253.11;877;
2f120621-2337-485c-b3c7-391436873d3c;2022-05-26T16:59:00Z;253.23;253.21;253.25;253.16;1146;
2f120621-2337-485c-b3c7-391436873d3c;2022-05-26T17:00:00Z;253.21;253.2;253.27;253.16;1117;
2f120621-2337-485c-b3c7-391436873d3c;2022-05-26T17:01:00Z;253.19;253.1;253.22;253.1;1318;
2f120621-2337-485c-b3c7-391436873d3c;2022-05-26T17:02:00Z;253.21;253.37;253.37;253.18;1200;
2f120621-2337-485c-b3c7-391436873d3c;2022-05-26T17:03:00Z;253.35;253.4;253.41;253.35;571;
2f120621-2337-485c-b3c7-391436873d3c;2022-05-26T17:04:00Z;253.49;253.5;253.53;253.41;274;
2f120621-2337-485c-b3c7-391436873d3c;2022-05-26T17:05:00Z;253.52;253.66;253.68;253.48;1564;
2f120621-2337-485c-b3c7-391436873d3c;2022-05-26T17:06:00Z;253.64;253.54;253.64;253.53;3015;
2f120621-2337-485c-b3c7-391436873d3c;2022-05-26T17:07:00Z;253.56;253.57;253.63;253.56;426;
2f120621-2337-485c-b3c7-391436873d3c;2022-05-26T17:08:00Z;253.54;253.68;253.7;253.54;545;
2f120621-2337-485c-b3c7-391436873d3c;2022-05-26T17:09:00Z;253.69;253.71;253.73;253.67;702;
2f120621-2337-485c-b3c7-391436873d3c;2022-05-26T17:10:00Z;253.73;253.6;253.81;253.55;2725;
2f120621-2337-485c-b3c7-391436873d3c;2022-05-26T17:11:00Z;253.59;253.59;253.63;253.56;430;
2f120621-2337-485c-b3c7-391436873d3c;2022-05-26T17:12:00Z;253.61;253.62;253.66;253.57;528;
2f120621-2337-485c-b3c7-391436873d3c;2022-05-26T17:13:00Z;253.6;253.67;253.71;253.6;717;
2f120621-2337-485c-b3c7-391436873d3c;2022-05-26T17:14:00Z;253.71;253.72;253.78;253.68;1204;
2f120621-2337-485c-b3c7-391436873d3c;2022-05-26T17:15:00Z;253.71;253.65;253.74;253.63;675;
2f120621-2337-485c-b3c7-391436873d3c;2022-05-26T17:16:00Z;253.65;253.64;253.67;253.64;112;
2f120621-2337-485c-b3c7-391436873d3c;2022-05-26T17:17:00Z;253.62;253.64;253.69;253.62;954;
2f120621-2337-485c-b3c7-391436873d3c;2022-05-26T17:18:00Z;253.62;253.58;253.63;253.57;1217;
2f120621-2337-485c-b3c7-391436873d3c;2022-05-26T17:19:00Z;253.61;253.61;253.67;253.59;589;
2f120621-2337-485c-b3c7-391436873d3c;2022-05-26T17:20:00Z;253.62;253.64;253.67;253.59;1594;
2f120621-2337-485c-b3c7-391436873d3c;2022-05-26T17:21:00Z;253.7;253.7;253.72;253.68;407;
2f120621-2337-485c-b3c7-391436873d3c;2022-05-26T17:22:00Z;253.69;253.61;253.69;253.57;1348;
2f120621-2337-485c-b3c7-391436873d3c;2022-05-26T17:23:00Z;253.64;253.64;253.69;253.59;1053;
2f120621-2337-485c-b3c7-391436873d3c;2022-05-26T17:24:00Z;253.66;253.66;253.68;253.64;352;
2f120621-2337-485c-b3c7-391436873d3c;2022-05-26T17:25:00Z;253.64;253.8;253.8;253.6;1477;
2f120621-2337-485c-b3c7-391436873d3c;2022-05-26T17:26:00Z;253.79;253.7;253.95;253.7;4501;
2f120621-2337-485c-b3c7-391436873d3c;2022-05-26T17:27:00Z;253.72;253.64;253.72;253.61;1389;
2f120621-2337-485c-b3c7-391436873d3c;2022-05-26T17:28:00Z;253.65;253.61;253.71;253.61;858;
2f120621-2337-485c-b3c7-391436873d3c;2022-05-26T17:29:00Z;253.58;253.62;253.64;253.54;1336;
2f120621-2337-485c-b3c7-391436873d3c;2022-05-26T17:30:00Z;253.65;253.74;253.78;253.59;940;
2f120621-2337-485c-b3c7-391436873d3c;2022-05-26T17:31:00Z;253.73;253.71;253.75;253.68;1315;
2f120621-2337-485c-b3c7-391436873d3c;2022-05-26T17:32:00Z;253.68;253.65;253.7;253.58;990;
2f120621-2337-485c-b3c7-391436873d3c;2022-05-26T17:33:00Z;253.69;253.71;253.73;253.63;41;
2f120621-2337-485c-b3c7-391436873d3c;2022-05-26T17:34:00Z;253.7;253.65;253.7;253.63;908;
2f120621-2337-485c-b3c7-391436873d3c;2022-05-26T17:35:00Z;253.64;253.67;253.67;253.61;1096;
2f120621-2337-485c-b3c7-391436873d3c;2022-05-26T17:36:00Z;253.7;253.77;253.84;253.67;2187;
2f120621-2337-485c-b3c7-391436873d3c;2022-05-26T17:37:00Z;253.73;253.74;253.78;253.72;549;
2f120621-2337-485c-b3c7-391436873d3c;2022-05-26T17:38:00Z;253.72;253.71;253.75;253.7;841;
2f120621-2337-485c-b3c7-391436873d3c;2022-05-26T17:39:00Z;253.7;253.63;253.7;253.59;667;
2f120621-2337-485c-b3c7-391436873d3c;2022-05-26T17:40:00Z;253.67;253.64;253.73;253.63;494;
2f120621-2337-485c-b3c7-391436873d3c;2022-05-26T17:41:00Z;253.61;253.64;253.65;253.61;514;
2f120621-2337-485c-b3c7-391436873d3c;2022-05-26T17:42:00Z;253.61;253.66;253.68;253.61;652;
2f120621-2337-485c-b3c7-391436873d3c;2022-05-26T17:43:00Z;253.65;253.6;253.65;253.6;417;
2f120621-2337-485c-b3c7-391436873d3c;2022-05-26T17:44:00Z;253.64;253.72;253.74;253.63;913;
2f120621-2337-485c-b3c7-391436873d3c;2022-05-26T17:45:00Z;253.71;253.57;253.71;253.57;1499;
2f120621-2337-485c-b3c7-391436873d3c;2022-05-26T17:46:00Z;253.57;253.63;253.64;253.57;792;
2f120621-2337-485c-b3c7-391436873d3c;2022-05-26T17:47:00Z;253.64;253.64;253.69;253.61;1537;
2f120621-2337-485c-b3c7-391436873d3c;2022-05-26T17:48:00Z;253.68;253.67;253.68;253.66;232;
2f120621-2337-485c-b3c7-391436873d3c;2022-05-26T17:49:00Z;253.67;253.59;253.71;253.59;2114;
2f120621-2337-485c-b3c7-391436873d3c;2022-05-26T17:50:00Z;253.61;253.65;253.65;253.58;915;
2f120621-2337-485c-b3c7-391436873d3c;2022-05-26T17:51:00Z;253.61;253.59;253.62;253.57;569;
2f120621-2337-485c-b3c7-391436873d3c;2022-05-26T17:52:00Z;253.57;253.51;253.58;253.46;1571;
2f120621-2337-485c-b3c7-391436873d3c;2022-05-26T17:53:00Z;253.49;253.41;253.49;253.41;412;
2f120621-2337-485c-b3c7-391436873d3c;2022-05-26T17:54:00Z;253.39;253.26;253.39;253.25;1008;
2f120621-2337-485c-b3c7-391436873d3c;2022-05-26T17:55:00Z;253.26;253.4;253.4;253.23;1257;
2f120621-2337-485c-b3c7-391436873d3c;2022-05-26T17:56:00Z;253.4;253.48;253.51;253.4;900;
2f120621-2337-485c-b3c7-391436873d3c;2022-05-26T17:57:00Z;253.52;253.59;253.61;253.49;615;
2f120621-2337-485c-b3c7-391436873d3c;2022-05-26T17:58:00Z;253.62;253.32;253.64;253.3;2814;
2f120621-2337-485c-b3c7-391436873d3c;2022-05-26T17:59:00Z;253.32;253.37;253.41;253.32;444;
2f120621-2337-485c-b3c7-391436873d3c;2022-05-26T18:00:00Z;253.38;253.37;253.43;253.35;1418;
2f120621-2337-485c-b3c7-391436873d3c;2022-05-26T18:01:00Z;253.36;253.37;253.4;253.31;1072;
2f120621-2337-485c-b3c7-391436873d3c;2022-05-26T18:02:00Z;253.38;253.33;253.41;253.33;1172;
2f120621-2337-485c-b3c7-391436873d3c;2022-05-26T18:03:00Z;253.36;253.31;253.36;253.31;110;
2f120621-2337-485c-b3c7-391436873d3c;2022-05-26T18:04:00Z;253.31;253.46;253.49;253.31;2424;
2f120621-2337-485c-b3c7-391436873d3c;2022-05-26T18:05:00Z;253.48;253.4;253.53;253.4;1621;
2f120621-2337-485c-b3c7-391436873d3c;2022-05-26T18:06:00Z;253.41;253.28;253.41;253.25;614;
2f120621-2337-485c-b3c7-391436873d3c;2022-05-26T18:07:00Z;253.27;253.28;253.31;253.21;1279;
2f120621-2337-485c-b3c7-391436873d3c;2022-05-26T18:08:00Z;253.27;253.33;253.47;253.27;3606;
2f120621-2337-485c-b3c7-391436873d3c;2022-05-26T18:09:00Z;253.32;253.24;253.34;253.24;636;
2f120621-2337-485c-b3c7-391436873d3c;2022-05-26T18:10:00Z;253.22;253.13;253.24;253.1;853;
2f120621-2337-485c-b3c7-391436873d3c;2022-05-26T18:11:00Z;253.12;253.2;253.25;253.09;1303;
2f120621-2337-485c-b3c7-391436873d3c;2022-05-26T18:12:00Z;253.21;253.11;253.21;253.1;887;
2f120621-2337-485c-b3c7-391436873d3c;2022-05-26T18:13:00Z;253.11;253.15;253.17;253.11;388;
2f120621-2337-485c-b3c7-391436873d3c;2022-05-26T18:14:00Z;253.18;253.19;253.22;253.14;1679;
2f120621-2337-485c-b3c7-391436873d3c;2022-05-26T18:15:00Z;253.18;253.29;253.32;253.14;2437;
2f120621-2337-485c-b3c7-391436873d3c;2022-05-26T18:16:00Z;253.3;253.29;253.32;253.22;1300;
2f120621-2337-485c-b3c7-391436873d3c;2022-05-26T18:17:00Z;253.3;253.34;253.36;253.29;901;
2f120621-2337-485c-b3c7-391436873d3c;2022-05-26T18:18:00Z;253.33;253.19;253.33;253.19;1343;
2f120621-2337-485c-b3c7-391436873d3c;2022-05-26T18:19:00Z;253.17;253.16;253.2;253.11;1001;
2f120621-2337-485c-b3c7-391436873d3c;2022-05-26T18:20:00Z;253.15;253.23;253.23;253.15;1346;
2f120621-2337-485c-b3c7-391436873d3c;2022-05-26T18:21:00Z;253.2;253.23;253.3;253.2;1695;
2f120621-2337-485c-b3c7-391436873d3c;2022-05-26T18:22:00Z;253.25;253.31;253.35;253.24;772;
2f120621-2337-485c-b3c7-391436873d3c;2022-05-26T18:23:00Z;253.29;253.29;253.3;253.27;604;
2f120621-2337-485c-b3c7-391436873d3c;2022-05-26T18:24:00Z;253.28;253.34;253.37;253.26;1168;
2f120621-2337-485c-b3c7-391436873d3c;2022-05-26T18:25:00Z;253.33;253.26;253.34;253.26;580;
2f120621-2337-485c-b3c7-391436873d3c;2022-05-26T18:26:00Z;253.28;253.31;253.37;253.23;2442;
2f120621-2337-485c-b3c7-391436873d3c;2022-05-26T18:27:00Z;253.36;253.35;253.38;253.3;1322;
2f120621-2337-485c-b3c7-391436873d3c;2022-05-26T18:28:00Z;253.3;253.33;253.36;253.3;264;
2f120621-2337-485c-b3c7-391436873d3c;2022-05-26T18:29:00Z;253.35;253.17;253.36;253.13;1312;
2f120621-2337-485c-b3c7-391436873d3c;2022-05-26T18:30:00Z;253.2;253.2;253.2;253.14;593;
2f120621-2337-485c-b3c7-391436873d3c;2022-05-26T18:31:00Z;253.19;253.26;253.28;253.19;1248;
2f120621-2337-485c-b3c7-391436873d3c;2022-05-26T18:32:00Z;253.22;253.24;253.26;253.2;371;
2f120621-2337-485c-b3c7-391436873d3c;2022-05-26T18:33:00Z;253.23;253.22;253.25;253.19;1188;
2f120621-2337-485c-b3c7-391436873d3c;2022-05-26T18:34:00Z;253.16;253.14;253.19;253.12;1534;
2f120621-2337-485c-b3c7-391436873d3c;2022-05-26T18:35:00Z;253.13;253.13;253.15;253.1;962;
2f120621-2337-485c-b3c7-391436873d3c;2022-05-26T18:36:00Z;253.11;253.1;253.18;253.07;2966;
2f120621-2337-485c-b3c7-391436873d3c;2022-05-26T18:37:00Z;253.11;253.21;253.21;253.08;1639;
2f120621-2337-485c-b3c7-391436873d3c;2022-05-26T18:38:00Z;253.18;253.24;253.25;253.18;244;
2f120621-2337-485c-b3c7-391436873d3c;2022-05-26T18:39:00Z;253.21;253.19;253.24;253.17;997;
2f120621-2337-485c-b3c7-391436873d3c;2022-05-26T18:40:00Z;253.18;253.25;253.28;253.15;1669;
2f120621-2337-485c-b3c7-391436873d3c;2022-05-26T18:41:00Z;253.25;253.31;253.31;253.23;410;
2f120621-2337-485c-b3c7-391436873d3c;2022-05-26T18:42:00Z;253.32;253.43;253.43;253.31;1522;
2f120621-2337-485c-b3c7-391436873d3c;2022-05-26T18:43:00Z;253.42;253.44;253.47;253.37;885;
2f120621-2337-485c-b3c7-391436873d3c;2022-05-26T18:44:00Z;253.47;253.46;253.48;253.43;467;
2f120621-2337-485c-b3c7-391436873d3c;2022-05-26T18:45:00Z;253.47;253.64;253.66;253.47;1444;
2f120621-2337-485c-b3c7-391436873d3c;2022-05-26T18:46:00Z;253.58;253.6;253.63;253.55;654;
2f120621-2337-485c-b3c7-391436873d3c;2022-05-26T18:47:00Z;253.6;253.55;253.66;253.55;1901;
2f120621-2337-485c-b3c7-391436873d3c;2022-05-26T18:48:00Z;253.52;253.56;253.62;253.52;705;
2f120621-2337-485c-b3c7-391436873d3c;2022-05-26T18:49:00Z;253.53;253.52;253.57;253.49;1502;
2f120621-2337-485c-b3c7-391436873d3c;2022-05-26T18:50:00Z;253.53;253.61;253.66;253.53;2013;
2f120621-2337-485c-b3c7-391436873d3c;2022-05-26T18:51:00Z;253.57;253.62;253.62;253.56;719;
2f120621-2337-485c-b3c7-391436873d3c;2022-05-26T18:52:00Z;253.62;253.62;253.65;253.57;453;
2f120621-2337-485c-b3c7-391436873d3c;2022-05-26T18:53:00Z;253.61;253.68;253.71;253.61;309;
2f120621-2337-485c-b3c7-391436873d3c;2022-05-26T18:54:00Z;253.71;253.64;253.76;253.64;2370;
2f120621-2337-485c-b3c7-391436873d3c;2022-05-26T18:55:00Z;253.63;253.66;253.72;253.62;610;
2f120621-2337-485c-b3c7-391436873d3c;2022-05-26T18:56:00Z;253.67;253.73;253.73;253.63;219;
2f120621-2337-485c-b3c7-391436873d3c;2022-05-26T18:57:00Z;253.69;253.71;253.71;253.61;1791;
2f120621-2337-485c-b3c7-391436873d3c;2022-05-26T18:58:00Z;253.68;253.66;253.7;253.61;1248;
2f120621-2337-485c-b3c7-391436873d3c;2022-05-26T18:59:00Z;253.67;253.64;253.7;253.64;664;
2f120621-2337-485c-b3c7-391436873d3c;2022-05-26T19:00:00Z;253.65;253.67;253.69;253.6;3249;
2f120621-2337-485c-b3c7-391436873d3c;2022-05-26T19:01:00Z;253.67;253.49;253.68;253.46;800;
2f120621-2337-485c-b3c7-391436873d3c;2022-05-26T19:02:00Z;253.48;253.52;253.52;253.45;717;
2f120621-2337-485c-b3c7-391436873d3c;2022-05-26T19:03:00Z;253.52;253.55;253.56;253.41;846;
2f120621-2337-485c-b3c7-391436873d3c;2022-05-26T19:04:00Z;253.5;253.5;253.54;253.42;902;
2f120621-2337-485c-b3c7-391436873d3c;2022-05-26T19:05:00Z;253.49;253.66;253.68;253.47;1074;
2f120621-2337-485c-b3c7-391436873d3c;2022-05-26T19:06:00Z;253.69;253.73;253.74;253.65;1642;
2f120621-2337-485c-b3c7-391436873d3c;2022-05-26T19:07:00Z;253.67;253.74;253.76;253.62;1256;
2f120621-2337-485c-b3c7-391436873d3c;2022-05-26T19:08:00Z;253.76;253.76;253.82;253.73;1212;
2f120621-2337-485c-b3c7-391436873d3c;2022-05-26T19:09:00Z;253.73;253.65;253.73;253.64;679;
2f120621-2337-485c-b3c7-391436873d3c;2022-05-26T19:10:00Z;253.63;253.5;253.66;253.47;2079;
2f120621-2337-485c-b3c7-391436873d3c;2022-05-26T19:11:00Z;253.49;253.46;253.53;253.46;740;
2f120621-2337-485c-b3c7-391436873d3c;2022-05-26T19:12:00Z;253.46;253.48;253.48;253.38;1514;
2f120621-2337-485c-b3c7-391436873d3c;2022-05-26T19:13:00Z;253.5;253.46;253.52;253.41;1350;
2f120621-2337-485c-b3c7-391436873d3c;2022-05-26T19:14:00Z;253.48;253.48;253.52;253.44;453;
2f120621-2337-485c-b3c7-391436873d3c;2022-05-26T19:15:00Z;253.49;253.54;253.62;253.49;2009;
2f120621-2337-485c-b3c7-391436873d3c;2022-05-26T19:16:00Z;253.52;253.38;253.52;253.38;2000;
2f120621-2337-485c-b3c7-391436873d3c;2022-05-26T19:17:00Z;253.38;253.29;253.4;253.28;2619;
2f120621-2337-485c-b3c7-391436873d3c;2022-05-26T19:18:00Z;253.3;253.3;253.36;253.27;2793;
2f120621-2337-485c-b3c7-391436873d3c;2022-05-26T19:19:00Z;253.32;253.36;253.41;253.31;1883;
2f120621-2337-485c-b3c7-391436873d3c;2022-05-26T19:20:00Z;253.4;253.23;253.45;253.22;2828;
2f120621-2337-485c-b3c7-391436873d3c;2022-05-26T19:21:00Z;253.24;253.29;253.32;253.24;1633;
2f120621-2337-485c-b3c7-391436873d3c;2022-05-26T19:22:00Z;253.28;253.28;253.3;253.23;752;
2f120621-2337-485c-b3c7-391436873d3c;2022-05-26T19:23:00Z;253.29;253.27;253.34;253.25;816;
2f120621-2337-485c-b3c7-391436873d3c;2022-05-26T19:24:00Z;253.28;253.21;253.34;253.21;1969;
2f120621-2337-485c-b3c7-391436873d3c;2022-05-26T19:25:00Z;253.18;253.19;253.26;253.18;1232;
2f120621-2337-485c-b3c7-391436873d3c;2022-05-26T19:26:00Z;253.2;253.33;253.33;253.2;2434;
2f120621-2337-485c-b3c7-391436873d3c;2022-05-26T19:27:00Z;253.34;253.33;253.41;253.32;1275;
2f120621-2337-485c-b3c7-391436873d3c;2022-05-26T19:28:00Z;253.33;253.5;253.51;253.31;1575;
2f120621-2337-485c-b3c7-391436873d3c;2022-05-26T19:29:00Z;253.48;253.46;253.6;253.44;2058;
2f120621-2337-485c-b3c7-391436873d3c;2022-05-26T19:30:00Z;253.45;253.42;253.63;253.4;3261;
2f120621-2337-485c-b3c7-391436873d3c;2022-05-26T19:31:00Z;253.4;253.28;253.41;253.24;2926;
2f120621-2337-485c-b3c7-391436873d3c;2022-05-26T19:32:00Z;253.24;253;253.26;252.97;2832;
2f120621-2337-485c-b3c7-391436873d3c;2022-05-26T19:33:00Z;252.99;252.97;253.02;252.89;3467;
2f120621-2337-485c-b3c7-391436873d3c;2022-05-26T19:34:00Z;253;252.93;253.06;252.89;3167;
2f120621-2337-485c-b3c7-391436873d3c;2022-05-26T19:35:00Z;252.92;252.85;252.98;252.84;1823;
2f120621-2337-485c-b3c7-391436873d3c;2022-05-26T19:36:00Z;252.82;252.69;252.85;252.68;1554;
2f120621-2337-485c-b3c7-391436873d3c;2022-05-26T19:37:00Z;252.7;252.77;252.83;252.7;1166;
2f120621-2337-485c-b3c7-391436873d3c;2022-05-26T19:38:00Z;252.77;252.87;252.91;252.77;2677;
2f120621-2337-485c-b3c7-391436873d3c;2022-05-26T19:39:00Z;252.85;252.87;252.88;252.8;2094;
2f120621-2337-485c-b3c7-391436873d3c;2022-05-26T19:40:00Z;252.87;252.87;252.92;252.83;1348;
2f120621-2337-485c-b3c7-391436873d3c;2022-05-26T19:41:00Z;252.85;252.84;252.86;252.82;1836;
2f120621-2337-485c-b3c7-391436873d3c;2022-05-26T19:42:00Z;252.84;252.88;252.88;252.83;1174;
2f120621-2337-485c-b3c7-391436873d3c;2022-05-26T19:43:00Z;252.88;253.02;253.05;252.88;2366;
2f120621-2337-485c-b3c7-391436873d3c;2022-05-26T19:44:00Z;253.03;253.11;253.11;252.99;2783;
2f120621-2337-485c-b3c7-391436873d3c;2022-05-26T19:45:00Z;253.07;253.14;253.18;253.07;6737;
2f120621-2337-485c-b3c7-391436873d3c;2022-05-26T19:46:00Z;253.16;253.2;253.21;253.13;2083;
2f120621-2337-485c-b3c7-391436873d3c;2022-05-26T19:47:00Z;253.22;253.1;253.22;253.05;3671;
2f120621-2337-485c-b3c7-391436873d3c;2022-05-26T19:48:00Z;253.09;253.39;253.39;253.09;4595;
2f120621-2337-485c-b3c7-391436873d3c;2022-05-26T19:49:00Z;253.38;253.37;253.41;253.33;2063;
2f120621-2337-485c-b3c7-391436873d3c;2022-05-26T19:50:00Z;253.43;253.53;253.9;253.38;12866;
2f120621-2337-485c-b3c7-391436873d3c;2022-05-26T19:51:00Z;253.54;253.45;253.57;253.4;3450;
2f120621-2337-485c-b3c7-391436873d3c;2022-05-26T19:52:00Z;253.44;253.54;253.6;253.4;3326;
2f120621-2337-485c-b3c7-391436873d3c;2022-05-26T19:53:00Z;253.55;253.44;253.57;253.41;4513;
2f120621-2337-485c-b3c7-391436873d3c;2022-05-26T19:54:00Z;253.43;253.22;253.46;253.22;9361;
2f120621-2337-485c-b3c7-391436873d3c;2022-05-26T19:55:00Z;253.22;253.06;253.28;253.05;12159;
2f120621-2337-485c-b3c7-391436873d3c;2022-05-26T19:56:00Z;253.07;253.13;253.2;253.04;9461;
2f120621-2337-485c-b3c7-391436873d3c;2022-05-26T19:57:00Z;253.13;253.04;253.14;252.94;12800;
2f120621-2337-485c-b3c7-391436873d3c;2022-05-26T19:58:00Z;253.03;253.06;253.08;252.93;10129;
2f120621-2337-485c-b3c7-391436873d3c;2022-05-26T19:59:00Z;253.05;253.05;253.17;252.92;30847;
2f120621-2337-485c-b3c7-391436873d3c;2022-05-26T20:00:00Z;253.05;253.05;253.05;252.8;356416;
2f120621-2337-485c-b3c7-391436873d3c;2022-05-26T20:06:00Z;253.15;253.15;253.15;253.15;10;
2f120621-2337-485c-b3c7-391436873d3c;2022-05-26T20:10:00Z;253.05;253.05;253.05;253.05;7;
2f120621-2337-485c-b3c7-391436873d3c;2022-05-26T20:37:00Z;253;253;253;253;1;
2f120621-2337-485c-b3c7-391436873d3c;2022-05-26T21:26:00Z;253;253;253;253;1;
2f120621-2337-485c-b3c7-391436873d3c;2022-05-26T21:56:00Z;252.46;253.01;253.01;250.21;11;
2f120621-2337-485c-b3c7-391436873d3c;2022-05-26T21:57:00Z;253.01;253.01;253.01;253.01;2;
2f120621-2337-485c-b3c7-391436873d3c;2022-05-26T22:35:00Z;253.05;253.05;253.05;253.05;2;
