c35897e7-df88-49ec-b35a-a72b22db524b;2022-05-23T12:00:00Z;36.56;36.86;36.86;36.56;3;
c35897e7-df88-49ec-b35a-a72b22db524b;2022-05-23T12:01:00Z;37;36.99;37;36.99;2;
c35897e7-df88-49ec-b35a-a72b22db524b;2022-05-23T12:02:00Z;36.87;36.87;36.87;36.87;2;
c35897e7-df88-49ec-b35a-a72b22db524b;2022-05-23T12:04:00Z;36.97;36.86;36.97;36.86;11;
c35897e7-df88-49ec-b35a-a72b22db524b;2022-05-23T12:05:00Z;36.95;36.95;36.95;36.95;10;
c35897e7-df88-49ec-b35a-a72b22db524b;2022-05-23T12:06:00Z;36.95;36.99;36.99;36.95;40;
c35897e7-df88-49ec-b35a-a72b22db524b;2022-05-23T12:07:00Z;36.96;36.96;36.96;36.96;100;
c35897e7-df88-49ec-b35a-a72b22db524b;2022-05-23T12:08:00Z;36.98;36.98;36.98;36.98;1;
c35897e7-df88-49ec-b35a-a72b22db524b;2022-05-23T12:09:00Z;36.97;36.97;36.97;36.97;1;
c35897e7-df88-49ec-b35a-a72b22db524b;2022-05-23T12:10:00Z;36.99;37;37;36.99;9;
c35897e7-df88-49ec-b35a-a72b22db524b;2022-05-23T12:12:00Z;37;37;37;37;6;
c35897e7-df88-49ec-b35a-a72b22db524b;2022-05-23T12:14:00Z;36.97;36.97;36.97;36.97;4;
c35897e7-df88-49ec-b35a-a72b22db524b;2022-05-23T12:15:00Z;36.98;37.03;37.03;36.98;3;
c35897e7-df88-49ec-b35a-a72b22db524b;2022-05-23T12:16:00Z;37.02;37.06;37.06;37.02;7;
c35897e7-df88-49ec-b35a-a72b22db524b;2022-05-23T12:18:00Z;37.1;37.14;37.14;37.1;3;
c35897e7-df88-49ec-b35a-a72b22db524b;2022-05-23T12:20:00Z;37.13;37.13;37.13;37.13;1;
c35897e7-df88-49ec-b35a-a72b22db524b;2022-05-23T12:21:00Z;37.13;37.21;37.21;37.13;360;
c35897e7-df88-49ec-b35a-a72b22db524b;2022-05-23T12:22:00Z;37.23;37.24;37.24;37.23;21;
c35897e7-df88-49ec-b35a-a72b22db524b;2022-05-23T12:26:00Z;37.21;37.2;37.21;37.2;103;
c35897e7-df88-49ec-b35a-a72b22db524b;2022-05-23T12:30:00Z;37.25;37.19;37.27;37.19;437;
c35897e7-df88-49ec-b35a-a72b22db524b;2022-05-23T12:32:00Z;37.19;37.19;37.19;37.19;4;
c35897e7-df88-49ec-b35a-a72b22db524b;2022-05-23T12:33:00Z;37.21;37.21;37.21;37.21;11;
c35897e7-df88-49ec-b35a-a72b22db524b;2022-05-23T12:35:00Z;37.21;37.21;37.21;37.21;7;
c35897e7-df88-49ec-b35a-a72b22db524b;2022-05-23T12:36:00Z;37.22;37.22;37.22;37.22;201;
c35897e7-df88-49ec-b35a-a72b22db524b;2022-05-23T12:37:00Z;37.27;37.25;37.27;37.25;10;
c35897e7-df88-49ec-b35a-a72b22db524b;2022-05-23T12:38:00Z;37.22;37.22;37.22;37.22;4;
c35897e7-df88-49ec-b35a-a72b22db524b;2022-05-23T12:40:00Z;37.25;37.23;37.25;37.23;117;
c35897e7-df88-49ec-b35a-a72b22db524b;2022-05-23T12:41:00Z;37.24;37.24;37.24;37.24;130;
c35897e7-df88-49ec-b35a-a72b22db524b;2022-05-23T12:43:00Z;37.23;37.23;37.23;37.23;21;
c35897e7-df88-49ec-b35a-a72b22db524b;2022-05-23T12:45:00Z;37.23;37.25;37.25;37.23;14;
c35897e7-df88-49ec-b35a-a72b22db524b;2022-05-23T12:46:00Z;37.23;37.23;37.23;37.23;171;
c35897e7-df88-49ec-b35a-a72b22db524b;2022-05-23T12:47:00Z;37.24;37.19;37.24;37.17;290;
c35897e7-df88-49ec-b35a-a72b22db524b;2022-05-23T12:49:00Z;37.15;37.13;37.15;37.13;2;
c35897e7-df88-49ec-b35a-a72b22db524b;2022-05-23T12:51:00Z;37.13;37.13;37.13;37.13;2;
c35897e7-df88-49ec-b35a-a72b22db524b;2022-05-23T12:52:00Z;37.06;37.06;37.06;37.04;102;
c35897e7-df88-49ec-b35a-a72b22db524b;2022-05-23T12:53:00Z;37;37;37;36.99;3;
c35897e7-df88-49ec-b35a-a72b22db524b;2022-05-23T12:54:00Z;36.98;36.97;36.98;36.97;2;
c35897e7-df88-49ec-b35a-a72b22db524b;2022-05-23T12:56:00Z;36.97;36.97;36.97;36.97;7;
c35897e7-df88-49ec-b35a-a72b22db524b;2022-05-23T12:59:00Z;36.92;36.92;36.92;36.92;4;
c35897e7-df88-49ec-b35a-a72b22db524b;2022-05-23T13:00:00Z;36.93;36.97;36.97;36.93;3;
c35897e7-df88-49ec-b35a-a72b22db524b;2022-05-23T13:01:00Z;36.99;36.99;36.99;36.99;1;
c35897e7-df88-49ec-b35a-a72b22db524b;2022-05-23T13:04:00Z;37.13;37.13;37.13;37.05;4;
c35897e7-df88-49ec-b35a-a72b22db524b;2022-05-23T13:05:00Z;37;37;37;37;60;
c35897e7-df88-49ec-b35a-a72b22db524b;2022-05-23T13:06:00Z;37.07;37;37.07;37;28;
c35897e7-df88-49ec-b35a-a72b22db524b;2022-05-23T13:08:00Z;37.04;37.15;37.15;37.04;9;
c35897e7-df88-49ec-b35a-a72b22db524b;2022-05-23T13:10:00Z;37.15;37.15;37.15;37.15;6;
c35897e7-df88-49ec-b35a-a72b22db524b;2022-05-23T13:11:00Z;37.14;37.14;37.14;37.14;1;
c35897e7-df88-49ec-b35a-a72b22db524b;2022-05-23T13:12:00Z;37.07;37.07;37.07;37.07;5;
c35897e7-df88-49ec-b35a-a72b22db524b;2022-05-23T13:13:00Z;37.09;37.09;37.09;37.09;290;
c35897e7-df88-49ec-b35a-a72b22db524b;2022-05-23T13:14:00Z;37.15;37.15;37.15;37.15;2;
c35897e7-df88-49ec-b35a-a72b22db524b;2022-05-23T13:15:00Z;37.07;37.07;37.07;37.07;4;
c35897e7-df88-49ec-b35a-a72b22db524b;2022-05-23T13:16:00Z;37.07;37.07;37.07;37.07;4;
c35897e7-df88-49ec-b35a-a72b22db524b;2022-05-23T13:17:00Z;37.09;37.09;37.09;37.09;5;
c35897e7-df88-49ec-b35a-a72b22db524b;2022-05-23T13:18:00Z;37.08;37.08;37.08;37.08;1;
c35897e7-df88-49ec-b35a-a72b22db524b;2022-05-23T13:19:00Z;37.14;36.98;37.14;36.98;167;
c35897e7-df88-49ec-b35a-a72b22db524b;2022-05-23T13:20:00Z;37.01;36.98;37.01;36.97;485;
c35897e7-df88-49ec-b35a-a72b22db524b;2022-05-23T13:24:00Z;37.06;37.06;37.06;37.06;1;
c35897e7-df88-49ec-b35a-a72b22db524b;2022-05-23T13:29:00Z;37.2;37.62;37.62;37.07;7934;
c35897e7-df88-49ec-b35a-a72b22db524b;2022-05-23T13:30:00Z;37.6;37.59;37.67;37.57;11418;
c35897e7-df88-49ec-b35a-a72b22db524b;2022-05-23T13:31:00Z;37.63;37.46;37.66;37.45;14590;
c35897e7-df88-49ec-b35a-a72b22db524b;2022-05-23T13:32:00Z;37.45;37.36;37.5;37.27;10417;
c35897e7-df88-49ec-b35a-a72b22db524b;2022-05-23T13:33:00Z;37.36;37.38;37.4;37.28;5239;
c35897e7-df88-49ec-b35a-a72b22db524b;2022-05-23T13:34:00Z;37.39;37.62;37.64;37.39;19222;
c35897e7-df88-49ec-b35a-a72b22db524b;2022-05-23T13:35:00Z;37.63;37.59;37.68;37.53;12355;
c35897e7-df88-49ec-b35a-a72b22db524b;2022-05-23T13:36:00Z;37.58;37.39;37.64;37.36;8139;
c35897e7-df88-49ec-b35a-a72b22db524b;2022-05-23T13:37:00Z;37.4;37.39;37.43;37.33;5649;
c35897e7-df88-49ec-b35a-a72b22db524b;2022-05-23T13:38:00Z;37.4;37.21;37.47;37.21;9475;
c35897e7-df88-49ec-b35a-a72b22db524b;2022-05-23T13:39:00Z;37.19;37.13;37.19;37.07;8071;
c35897e7-df88-49ec-b35a-a72b22db524b;2022-05-23T13:40:00Z;37.13;37.17;37.27;37.11;7610;
c35897e7-df88-49ec-b35a-a72b22db524b;2022-05-23T13:41:00Z;37.15;37.35;37.38;37.15;4909;
c35897e7-df88-49ec-b35a-a72b22db524b;2022-05-23T13:42:00Z;37.35;37.24;37.36;37.17;6288;
c35897e7-df88-49ec-b35a-a72b22db524b;2022-05-23T13:43:00Z;37.25;37.19;37.33;37.18;10216;
c35897e7-df88-49ec-b35a-a72b22db524b;2022-05-23T13:44:00Z;37.19;37.45;37.46;37.15;9875;
c35897e7-df88-49ec-b35a-a72b22db524b;2022-05-23T13:45:00Z;37.44;37.52;37.54;37.39;7951;
c35897e7-df88-49ec-b35a-a72b22db524b;2022-05-23T13:46:00Z;37.52;37.53;37.54;37.46;4604;
c35897e7-df88-49ec-b35a-a72b22db524b;2022-05-23T13:47:00Z;37.53;37.85;37.86;37.53;16444;
c35897e7-df88-49ec-b35a-a72b22db524b;2022-05-23T13:48:00Z;37.86;37.77;37.9;37.76;7327;
c35897e7-df88-49ec-b35a-a72b22db524b;2022-05-23T13:49:00Z;37.77;37.85;37.86;37.73;5879;
c35897e7-df88-49ec-b35a-a72b22db524b;2022-05-23T13:50:00Z;37.84;37.95;37.98;37.84;11143;
c35897e7-df88-49ec-b35a-a72b22db524b;2022-05-23T13:51:00Z;37.94;37.82;37.95;37.78;12793;
c35897e7-df88-49ec-b35a-a72b22db524b;2022-05-23T13:52:00Z;37.83;37.81;37.91;37.8;10995;
c35897e7-df88-49ec-b35a-a72b22db524b;2022-05-23T13:53:00Z;37.81;37.68;37.84;37.64;6240;
c35897e7-df88-49ec-b35a-a72b22db524b;2022-05-23T13:54:00Z;37.67;37.55;37.68;37.52;4419;
c35897e7-df88-49ec-b35a-a72b22db524b;2022-05-23T13:55:00Z;37.57;37.62;37.63;37.54;5345;
c35897e7-df88-49ec-b35a-a72b22db524b;2022-05-23T13:56:00Z;37.63;37.51;37.67;37.51;6713;
c35897e7-df88-49ec-b35a-a72b22db524b;2022-05-23T13:57:00Z;37.52;37.47;37.64;37.44;12345;
c35897e7-df88-49ec-b35a-a72b22db524b;2022-05-23T13:58:00Z;37.46;37.45;37.47;37.41;5471;
c35897e7-df88-49ec-b35a-a72b22db524b;2022-05-23T13:59:00Z;37.47;37.36;37.47;37.36;5789;
c35897e7-df88-49ec-b35a-a72b22db524b;2022-05-23T14:00:00Z;37.37;37.26;37.37;37.24;6441;
c35897e7-df88-49ec-b35a-a72b22db524b;2022-05-23T14:01:00Z;37.26;37.25;37.32;37.22;11499;
c35897e7-df88-49ec-b35a-a72b22db524b;2022-05-23T14:02:00Z;37.24;37.18;37.24;37.18;3344;
c35897e7-df88-49ec-b35a-a72b22db524b;2022-05-23T14:03:00Z;37.17;37.26;37.26;37.12;4642;
c35897e7-df88-49ec-b35a-a72b22db524b;2022-05-23T14:04:00Z;37.26;37.24;37.26;37.2;4389;
c35897e7-df88-49ec-b35a-a72b22db524b;2022-05-23T14:05:00Z;37.24;37.36;37.38;37.22;10142;
c35897e7-df88-49ec-b35a-a72b22db524b;2022-05-23T14:06:00Z;37.37;37.35;37.43;37.33;7013;
c35897e7-df88-49ec-b35a-a72b22db524b;2022-05-23T14:07:00Z;37.35;37.3;37.36;37.28;3345;
c35897e7-df88-49ec-b35a-a72b22db524b;2022-05-23T14:08:00Z;37.3;37.32;37.34;37.29;4840;
c35897e7-df88-49ec-b35a-a72b22db524b;2022-05-23T14:09:00Z;37.33;37.43;37.46;37.32;4853;
c35897e7-df88-49ec-b35a-a72b22db524b;2022-05-23T14:10:00Z;37.44;37.45;37.49;37.41;9522;
c35897e7-df88-49ec-b35a-a72b22db524b;2022-05-23T14:11:00Z;37.43;37.57;37.57;37.42;9413;
c35897e7-df88-49ec-b35a-a72b22db524b;2022-05-23T14:12:00Z;37.58;37.62;37.64;37.5;8042;
c35897e7-df88-49ec-b35a-a72b22db524b;2022-05-23T14:13:00Z;37.62;37.64;37.66;37.53;5691;
c35897e7-df88-49ec-b35a-a72b22db524b;2022-05-23T14:14:00Z;37.63;37.52;37.63;37.5;4602;
c35897e7-df88-49ec-b35a-a72b22db524b;2022-05-23T14:15:00Z;37.54;37.61;37.61;37.52;6275;
c35897e7-df88-49ec-b35a-a72b22db524b;2022-05-23T14:16:00Z;37.61;37.48;37.63;37.47;5867;
c35897e7-df88-49ec-b35a-a72b22db524b;2022-05-23T14:17:00Z;37.47;37.6;37.63;37.44;5729;
c35897e7-df88-49ec-b35a-a72b22db524b;2022-05-23T14:18:00Z;37.59;37.6;37.6;37.51;7195;
c35897e7-df88-49ec-b35a-a72b22db524b;2022-05-23T14:19:00Z;37.59;37.68;37.69;37.57;5792;
c35897e7-df88-49ec-b35a-a72b22db524b;2022-05-23T14:20:00Z;37.67;37.61;37.67;37.54;7462;
c35897e7-df88-49ec-b35a-a72b22db524b;2022-05-23T14:21:00Z;37.63;37.59;37.63;37.53;6266;
c35897e7-df88-49ec-b35a-a72b22db524b;2022-05-23T14:22:00Z;37.6;37.66;37.68;37.58;4962;
c35897e7-df88-49ec-b35a-a72b22db524b;2022-05-23T14:23:00Z;37.68;37.71;37.72;37.64;7072;
c35897e7-df88-49ec-b35a-a72b22db524b;2022-05-23T14:24:00Z;37.72;37.81;37.81;37.7;9723;
c35897e7-df88-49ec-b35a-a72b22db524b;2022-05-23T14:25:00Z;37.82;37.74;37.82;37.72;7870;
c35897e7-df88-49ec-b35a-a72b22db524b;2022-05-23T14:26:00Z;37.74;37.88;37.88;37.72;11952;
c35897e7-df88-49ec-b35a-a72b22db524b;2022-05-23T14:27:00Z;37.88;37.68;37.89;37.66;11702;
c35897e7-df88-49ec-b35a-a72b22db524b;2022-05-23T14:28:00Z;37.68;37.73;37.75;37.65;14756;
c35897e7-df88-49ec-b35a-a72b22db524b;2022-05-23T14:29:00Z;37.73;37.93;37.94;37.7;11653;
c35897e7-df88-49ec-b35a-a72b22db524b;2022-05-23T14:30:00Z;37.94;37.85;37.97;37.84;15677;
c35897e7-df88-49ec-b35a-a72b22db524b;2022-05-23T14:31:00Z;37.86;37.91;37.94;37.8;12053;
c35897e7-df88-49ec-b35a-a72b22db524b;2022-05-23T14:32:00Z;37.92;37.96;37.97;37.9;8335;
c35897e7-df88-49ec-b35a-a72b22db524b;2022-05-23T14:33:00Z;37.97;37.95;38.01;37.94;8383;
c35897e7-df88-49ec-b35a-a72b22db524b;2022-05-23T14:34:00Z;37.94;37.84;37.94;37.82;8939;
c35897e7-df88-49ec-b35a-a72b22db524b;2022-05-23T14:35:00Z;37.85;37.87;37.88;37.81;4461;
c35897e7-df88-49ec-b35a-a72b22db524b;2022-05-23T14:36:00Z;37.87;37.79;37.87;37.75;7627;
c35897e7-df88-49ec-b35a-a72b22db524b;2022-05-23T14:37:00Z;37.8;37.74;37.82;37.73;7053;
c35897e7-df88-49ec-b35a-a72b22db524b;2022-05-23T14:38:00Z;37.75;37.82;37.82;37.7;5143;
c35897e7-df88-49ec-b35a-a72b22db524b;2022-05-23T14:39:00Z;37.83;37.77;37.83;37.77;4351;
c35897e7-df88-49ec-b35a-a72b22db524b;2022-05-23T14:40:00Z;37.78;37.8;37.82;37.75;4808;
c35897e7-df88-49ec-b35a-a72b22db524b;2022-05-23T14:41:00Z;37.79;37.61;37.8;37.58;6204;
c35897e7-df88-49ec-b35a-a72b22db524b;2022-05-23T14:42:00Z;37.62;37.62;37.64;37.58;5185;
c35897e7-df88-49ec-b35a-a72b22db524b;2022-05-23T14:43:00Z;37.63;37.65;37.68;37.61;2710;
c35897e7-df88-49ec-b35a-a72b22db524b;2022-05-23T14:44:00Z;37.69;37.68;37.7;37.62;4113;
c35897e7-df88-49ec-b35a-a72b22db524b;2022-05-23T14:45:00Z;37.69;37.69;37.7;37.66;5920;
c35897e7-df88-49ec-b35a-a72b22db524b;2022-05-23T14:46:00Z;37.7;37.59;37.72;37.58;3283;
c35897e7-df88-49ec-b35a-a72b22db524b;2022-05-23T14:47:00Z;37.58;37.72;37.73;37.54;3256;
c35897e7-df88-49ec-b35a-a72b22db524b;2022-05-23T14:48:00Z;37.72;37.78;37.79;37.72;6906;
c35897e7-df88-49ec-b35a-a72b22db524b;2022-05-23T14:49:00Z;37.76;37.65;37.77;37.65;4951;
c35897e7-df88-49ec-b35a-a72b22db524b;2022-05-23T14:50:00Z;37.64;37.65;37.66;37.61;4381;
c35897e7-df88-49ec-b35a-a72b22db524b;2022-05-23T14:51:00Z;37.66;37.57;37.66;37.55;5378;
c35897e7-df88-49ec-b35a-a72b22db524b;2022-05-23T14:52:00Z;37.56;37.51;37.6;37.5;5983;
c35897e7-df88-49ec-b35a-a72b22db524b;2022-05-23T14:53:00Z;37.5;37.59;37.6;37.49;5132;
c35897e7-df88-49ec-b35a-a72b22db524b;2022-05-23T14:54:00Z;37.61;37.64;37.64;37.58;4539;
c35897e7-df88-49ec-b35a-a72b22db524b;2022-05-23T14:55:00Z;37.63;37.64;37.66;37.61;5111;
c35897e7-df88-49ec-b35a-a72b22db524b;2022-05-23T14:56:00Z;37.65;37.68;37.73;37.64;6678;
c35897e7-df88-49ec-b35a-a72b22db524b;2022-05-23T14:57:00Z;37.67;37.66;37.69;37.63;2745;
c35897e7-df88-49ec-b35a-a72b22db524b;2022-05-23T14:58:00Z;37.66;37.69;37.74;37.64;3626;
c35897e7-df88-49ec-b35a-a72b22db524b;2022-05-23T14:59:00Z;37.69;37.61;37.69;37.59;13725;
c35897e7-df88-49ec-b35a-a72b22db524b;2022-05-23T15:00:00Z;37.62;37.54;37.62;37.54;4092;
c35897e7-df88-49ec-b35a-a72b22db524b;2022-05-23T15:01:00Z;37.55;37.65;37.69;37.54;8370;
c35897e7-df88-49ec-b35a-a72b22db524b;2022-05-23T15:02:00Z;37.66;37.67;37.67;37.62;4713;
c35897e7-df88-49ec-b35a-a72b22db524b;2022-05-23T15:03:00Z;37.68;37.69;37.71;37.66;7004;
c35897e7-df88-49ec-b35a-a72b22db524b;2022-05-23T15:04:00Z;37.69;37.72;37.76;37.66;7511;
c35897e7-df88-49ec-b35a-a72b22db524b;2022-05-23T15:05:00Z;37.71;37.71;37.72;37.68;5053;
c35897e7-df88-49ec-b35a-a72b22db524b;2022-05-23T15:06:00Z;37.72;37.63;37.74;37.63;7086;
c35897e7-df88-49ec-b35a-a72b22db524b;2022-05-23T15:07:00Z;37.63;37.64;37.7;37.63;4792;
c35897e7-df88-49ec-b35a-a72b22db524b;2022-05-23T15:08:00Z;37.65;37.57;37.66;37.57;3551;
c35897e7-df88-49ec-b35a-a72b22db524b;2022-05-23T15:09:00Z;37.56;37.58;37.6;37.55;2657;
c35897e7-df88-49ec-b35a-a72b22db524b;2022-05-23T15:10:00Z;37.59;37.58;37.6;37.56;2714;
c35897e7-df88-49ec-b35a-a72b22db524b;2022-05-23T15:11:00Z;37.57;37.57;37.58;37.52;4285;
c35897e7-df88-49ec-b35a-a72b22db524b;2022-05-23T15:12:00Z;37.58;37.63;37.63;37.56;6313;
c35897e7-df88-49ec-b35a-a72b22db524b;2022-05-23T15:13:00Z;37.64;37.62;37.66;37.57;4145;
c35897e7-df88-49ec-b35a-a72b22db524b;2022-05-23T15:14:00Z;37.62;37.67;37.67;37.61;3254;
c35897e7-df88-49ec-b35a-a72b22db524b;2022-05-23T15:15:00Z;37.68;37.63;37.7;37.62;10322;
c35897e7-df88-49ec-b35a-a72b22db524b;2022-05-23T15:16:00Z;37.63;37.67;37.73;37.62;10858;
c35897e7-df88-49ec-b35a-a72b22db524b;2022-05-23T15:17:00Z;37.68;37.68;37.69;37.64;3276;
c35897e7-df88-49ec-b35a-a72b22db524b;2022-05-23T15:18:00Z;37.67;37.65;37.69;37.65;5141;
c35897e7-df88-49ec-b35a-a72b22db524b;2022-05-23T15:19:00Z;37.64;37.57;37.64;37.55;4071;
c35897e7-df88-49ec-b35a-a72b22db524b;2022-05-23T15:20:00Z;37.58;37.6;37.62;37.56;3900;
c35897e7-df88-49ec-b35a-a72b22db524b;2022-05-23T15:21:00Z;37.6;37.57;37.6;37.53;2691;
c35897e7-df88-49ec-b35a-a72b22db524b;2022-05-23T15:22:00Z;37.56;37.65;37.66;37.55;9812;
c35897e7-df88-49ec-b35a-a72b22db524b;2022-05-23T15:23:00Z;37.66;37.6;37.66;37.59;7172;
c35897e7-df88-49ec-b35a-a72b22db524b;2022-05-23T15:24:00Z;37.59;37.61;37.63;37.58;3147;
c35897e7-df88-49ec-b35a-a72b22db524b;2022-05-23T15:25:00Z;37.62;37.65;37.67;37.62;3407;
c35897e7-df88-49ec-b35a-a72b22db524b;2022-05-23T15:26:00Z;37.66;37.65;37.66;37.62;1503;
c35897e7-df88-49ec-b35a-a72b22db524b;2022-05-23T15:27:00Z;37.66;37.65;37.7;37.64;4164;
c35897e7-df88-49ec-b35a-a72b22db524b;2022-05-23T15:28:00Z;37.65;37.71;37.73;37.65;6127;
c35897e7-df88-49ec-b35a-a72b22db524b;2022-05-23T15:29:00Z;37.71;37.7;37.71;37.68;1699;
c35897e7-df88-49ec-b35a-a72b22db524b;2022-05-23T15:30:00Z;37.69;37.7;37.7;37.66;3331;
c35897e7-df88-49ec-b35a-a72b22db524b;2022-05-23T15:31:00Z;37.71;37.77;37.8;37.71;5104;
c35897e7-df88-49ec-b35a-a72b22db524b;2022-05-23T15:32:00Z;37.77;37.78;37.79;37.77;1714;
c35897e7-df88-49ec-b35a-a72b22db524b;2022-05-23T15:33:00Z;37.79;37.82;37.83;37.78;2436;
c35897e7-df88-49ec-b35a-a72b22db524b;2022-05-23T15:34:00Z;37.83;37.88;37.89;37.83;2222;
c35897e7-df88-49ec-b35a-a72b22db524b;2022-05-23T15:35:00Z;37.88;37.85;37.9;37.84;4073;
c35897e7-df88-49ec-b35a-a72b22db524b;2022-05-23T15:36:00Z;37.85;37.81;37.86;37.78;1960;
c35897e7-df88-49ec-b35a-a72b22db524b;2022-05-23T15:37:00Z;37.8;37.78;37.84;37.78;2460;
c35897e7-df88-49ec-b35a-a72b22db524b;2022-05-23T15:38:00Z;37.79;37.84;37.84;37.78;2943;
c35897e7-df88-49ec-b35a-a72b22db524b;2022-05-23T15:39:00Z;37.86;37.89;37.9;37.85;1668;
c35897e7-df88-49ec-b35a-a72b22db524b;2022-05-23T15:40:00Z;37.89;37.87;37.9;37.84;3832;
c35897e7-df88-49ec-b35a-a72b22db524b;2022-05-23T15:41:00Z;37.88;37.91;37.91;37.88;3748;
c35897e7-df88-49ec-b35a-a72b22db524b;2022-05-23T15:42:00Z;37.92;37.92;37.94;37.9;3777;
c35897e7-df88-49ec-b35a-a72b22db524b;2022-05-23T15:43:00Z;37.92;37.84;37.92;37.83;3086;
c35897e7-df88-49ec-b35a-a72b22db524b;2022-05-23T15:44:00Z;37.84;37.8;37.85;37.8;4988;
c35897e7-df88-49ec-b35a-a72b22db524b;2022-05-23T15:45:00Z;37.8;37.79;37.83;37.79;3936;
c35897e7-df88-49ec-b35a-a72b22db524b;2022-05-23T15:46:00Z;37.8;37.77;37.8;37.76;3896;
c35897e7-df88-49ec-b35a-a72b22db524b;2022-05-23T15:47:00Z;37.77;37.77;37.81;37.76;2468;
c35897e7-df88-49ec-b35a-a72b22db524b;2022-05-23T15:48:00Z;37.76;37.7;37.76;37.68;2826;
c35897e7-df88-49ec-b35a-a72b22db524b;2022-05-23T15:49:00Z;37.69;37.7;37.74;37.68;5085;
c35897e7-df88-49ec-b35a-a72b22db524b;2022-05-23T15:50:00Z;37.72;37.77;37.78;37.71;8376;
c35897e7-df88-49ec-b35a-a72b22db524b;2022-05-23T15:51:00Z;37.78;37.75;37.8;37.74;12104;
c35897e7-df88-49ec-b35a-a72b22db524b;2022-05-23T15:52:00Z;37.74;37.78;37.78;37.73;6712;
c35897e7-df88-49ec-b35a-a72b22db524b;2022-05-23T15:53:00Z;37.79;37.82;37.82;37.77;9145;
c35897e7-df88-49ec-b35a-a72b22db524b;2022-05-23T15:54:00Z;37.82;37.84;37.85;37.82;5343;
c35897e7-df88-49ec-b35a-a72b22db524b;2022-05-23T15:55:00Z;37.83;37.85;37.86;37.82;5028;
c35897e7-df88-49ec-b35a-a72b22db524b;2022-05-23T15:56:00Z;37.86;37.87;37.87;37.82;5471;
c35897e7-df88-49ec-b35a-a72b22db524b;2022-05-23T15:57:00Z;37.86;37.86;37.88;37.84;6032;
c35897e7-df88-49ec-b35a-a72b22db524b;2022-05-23T15:58:00Z;37.86;37.89;37.9;37.86;1113;
c35897e7-df88-49ec-b35a-a72b22db524b;2022-05-23T15:59:00Z;37.89;37.81;37.9;37.81;5250;
c35897e7-df88-49ec-b35a-a72b22db524b;2022-05-23T16:00:00Z;37.81;37.75;37.81;37.73;5877;
c35897e7-df88-49ec-b35a-a72b22db524b;2022-05-23T16:01:00Z;37.74;37.76;37.76;37.72;4312;
c35897e7-df88-49ec-b35a-a72b22db524b;2022-05-23T16:02:00Z;37.77;37.82;37.84;37.77;5411;
c35897e7-df88-49ec-b35a-a72b22db524b;2022-05-23T16:03:00Z;37.82;37.89;37.89;37.8;4372;
c35897e7-df88-49ec-b35a-a72b22db524b;2022-05-23T16:04:00Z;37.88;37.88;37.88;37.83;5851;
c35897e7-df88-49ec-b35a-a72b22db524b;2022-05-23T16:05:00Z;37.87;37.85;37.88;37.83;2525;
c35897e7-df88-49ec-b35a-a72b22db524b;2022-05-23T16:06:00Z;37.86;37.86;37.86;37.82;4099;
c35897e7-df88-49ec-b35a-a72b22db524b;2022-05-23T16:07:00Z;37.87;37.97;37.97;37.86;6863;
c35897e7-df88-49ec-b35a-a72b22db524b;2022-05-23T16:08:00Z;37.98;38;38.02;37.98;11956;
c35897e7-df88-49ec-b35a-a72b22db524b;2022-05-23T16:09:00Z;38;38.02;38.02;37.97;18892;
c35897e7-df88-49ec-b35a-a72b22db524b;2022-05-23T16:10:00Z;38.02;37.99;38.02;37.99;8531;
c35897e7-df88-49ec-b35a-a72b22db524b;2022-05-23T16:11:00Z;38;37.99;38.02;37.99;10183;
c35897e7-df88-49ec-b35a-a72b22db524b;2022-05-23T16:12:00Z;37.98;38;38;37.97;5167;
c35897e7-df88-49ec-b35a-a72b22db524b;2022-05-23T16:13:00Z;38;37.95;38;37.95;4685;
c35897e7-df88-49ec-b35a-a72b22db524b;2022-05-23T16:14:00Z;37.94;37.91;37.95;37.91;7186;
c35897e7-df88-49ec-b35a-a72b22db524b;2022-05-23T16:15:00Z;37.92;37.99;38;37.92;7945;
c35897e7-df88-49ec-b35a-a72b22db524b;2022-05-23T16:16:00Z;37.99;37.94;37.99;37.89;9763;
c35897e7-df88-49ec-b35a-a72b22db524b;2022-05-23T16:17:00Z;37.95;37.92;37.96;37.88;13433;
c35897e7-df88-49ec-b35a-a72b22db524b;2022-05-23T16:18:00Z;37.92;37.93;37.94;37.91;4166;
c35897e7-df88-49ec-b35a-a72b22db524b;2022-05-23T16:19:00Z;37.92;37.97;37.98;37.92;3686;
c35897e7-df88-49ec-b35a-a72b22db524b;2022-05-23T16:20:00Z;37.97;38.01;38.01;37.96;7490;
c35897e7-df88-49ec-b35a-a72b22db524b;2022-05-23T16:21:00Z;38.01;38;38.04;37.99;7349;
c35897e7-df88-49ec-b35a-a72b22db524b;2022-05-23T16:22:00Z;37.99;37.99;38;37.96;2469;
c35897e7-df88-49ec-b35a-a72b22db524b;2022-05-23T16:23:00Z;37.98;38.01;38.03;37.96;5037;
c35897e7-df88-49ec-b35a-a72b22db524b;2022-05-23T16:24:00Z;38.02;38.05;38.06;38.02;4340;
c35897e7-df88-49ec-b35a-a72b22db524b;2022-05-23T16:25:00Z;38.05;38;38.06;37.99;3244;
c35897e7-df88-49ec-b35a-a72b22db524b;2022-05-23T16:26:00Z;38.01;38.01;38.02;37.99;2776;
c35897e7-df88-49ec-b35a-a72b22db524b;2022-05-23T16:27:00Z;38;37.93;38;37.93;2142;
c35897e7-df88-49ec-b35a-a72b22db524b;2022-05-23T16:28:00Z;37.93;37.92;37.94;37.89;3785;
c35897e7-df88-49ec-b35a-a72b22db524b;2022-05-23T16:29:00Z;37.92;37.93;37.95;37.92;10354;
c35897e7-df88-49ec-b35a-a72b22db524b;2022-05-23T16:30:00Z;37.92;37.81;37.93;37.79;5157;
c35897e7-df88-49ec-b35a-a72b22db524b;2022-05-23T16:31:00Z;37.82;37.79;37.83;37.79;4611;
c35897e7-df88-49ec-b35a-a72b22db524b;2022-05-23T16:32:00Z;37.78;37.87;37.87;37.77;3331;
c35897e7-df88-49ec-b35a-a72b22db524b;2022-05-23T16:33:00Z;37.87;37.85;37.88;37.84;5632;
c35897e7-df88-49ec-b35a-a72b22db524b;2022-05-23T16:34:00Z;37.85;37.86;37.86;37.84;1205;
c35897e7-df88-49ec-b35a-a72b22db524b;2022-05-23T16:35:00Z;37.87;37.84;37.9;37.84;3870;
c35897e7-df88-49ec-b35a-a72b22db524b;2022-05-23T16:36:00Z;37.86;37.84;37.88;37.84;9661;
c35897e7-df88-49ec-b35a-a72b22db524b;2022-05-23T16:37:00Z;37.87;37.87;37.88;37.85;5965;
c35897e7-df88-49ec-b35a-a72b22db524b;2022-05-23T16:38:00Z;37.87;37.89;37.89;37.87;1708;
c35897e7-df88-49ec-b35a-a72b22db524b;2022-05-23T16:39:00Z;37.89;37.91;37.92;37.88;2384;
c35897e7-df88-49ec-b35a-a72b22db524b;2022-05-23T16:40:00Z;37.9;37.84;37.91;37.84;3866;
c35897e7-df88-49ec-b35a-a72b22db524b;2022-05-23T16:41:00Z;37.84;37.86;37.86;37.82;2426;
c35897e7-df88-49ec-b35a-a72b22db524b;2022-05-23T16:42:00Z;37.86;37.86;37.89;37.85;4924;
c35897e7-df88-49ec-b35a-a72b22db524b;2022-05-23T16:43:00Z;37.87;37.89;37.89;37.86;3488;
c35897e7-df88-49ec-b35a-a72b22db524b;2022-05-23T16:44:00Z;37.9;37.91;37.92;37.87;2293;
c35897e7-df88-49ec-b35a-a72b22db524b;2022-05-23T16:45:00Z;37.91;37.88;37.92;37.88;2476;
c35897e7-df88-49ec-b35a-a72b22db524b;2022-05-23T16:46:00Z;37.89;37.84;37.9;37.84;2495;
c35897e7-df88-49ec-b35a-a72b22db524b;2022-05-23T16:47:00Z;37.85;37.8;37.86;37.8;3018;
c35897e7-df88-49ec-b35a-a72b22db524b;2022-05-23T16:48:00Z;37.81;37.78;37.83;37.78;2352;
c35897e7-df88-49ec-b35a-a72b22db524b;2022-05-23T16:49:00Z;37.78;37.77;37.78;37.76;2586;
c35897e7-df88-49ec-b35a-a72b22db524b;2022-05-23T16:50:00Z;37.77;37.76;37.79;37.74;1329;
c35897e7-df88-49ec-b35a-a72b22db524b;2022-05-23T16:51:00Z;37.76;37.68;37.76;37.67;5989;
c35897e7-df88-49ec-b35a-a72b22db524b;2022-05-23T16:52:00Z;37.69;37.65;37.69;37.64;3921;
c35897e7-df88-49ec-b35a-a72b22db524b;2022-05-23T16:53:00Z;37.66;37.67;37.68;37.66;5105;
c35897e7-df88-49ec-b35a-a72b22db524b;2022-05-23T16:54:00Z;37.67;37.7;37.72;37.67;7005;
c35897e7-df88-49ec-b35a-a72b22db524b;2022-05-23T16:55:00Z;37.7;37.67;37.71;37.66;3343;
c35897e7-df88-49ec-b35a-a72b22db524b;2022-05-23T16:56:00Z;37.68;37.67;37.7;37.66;6394;
c35897e7-df88-49ec-b35a-a72b22db524b;2022-05-23T16:57:00Z;37.68;37.67;37.68;37.66;5712;
c35897e7-df88-49ec-b35a-a72b22db524b;2022-05-23T16:58:00Z;37.68;37.71;37.72;37.68;2572;
c35897e7-df88-49ec-b35a-a72b22db524b;2022-05-23T16:59:00Z;37.71;37.75;37.75;37.71;2553;
c35897e7-df88-49ec-b35a-a72b22db524b;2022-05-23T17:00:00Z;37.74;37.71;37.74;37.7;1768;
c35897e7-df88-49ec-b35a-a72b22db524b;2022-05-23T17:01:00Z;37.71;37.74;37.74;37.7;5089;
c35897e7-df88-49ec-b35a-a72b22db524b;2022-05-23T17:02:00Z;37.75;37.76;37.8;37.75;4170;
c35897e7-df88-49ec-b35a-a72b22db524b;2022-05-23T17:03:00Z;37.75;37.73;37.76;37.72;4394;
c35897e7-df88-49ec-b35a-a72b22db524b;2022-05-23T17:04:00Z;37.72;37.72;37.74;37.71;4223;
c35897e7-df88-49ec-b35a-a72b22db524b;2022-05-23T17:05:00Z;37.73;37.73;37.74;37.71;8374;
c35897e7-df88-49ec-b35a-a72b22db524b;2022-05-23T17:06:00Z;37.74;37.75;37.76;37.74;5133;
c35897e7-df88-49ec-b35a-a72b22db524b;2022-05-23T17:07:00Z;37.75;37.73;37.76;37.73;2153;
c35897e7-df88-49ec-b35a-a72b22db524b;2022-05-23T17:08:00Z;37.73;37.74;37.75;37.73;7430;
c35897e7-df88-49ec-b35a-a72b22db524b;2022-05-23T17:09:00Z;37.75;37.74;37.75;37.74;2760;
c35897e7-df88-49ec-b35a-a72b22db524b;2022-05-23T17:10:00Z;37.73;37.69;37.73;37.68;3281;
c35897e7-df88-49ec-b35a-a72b22db524b;2022-05-23T17:11:00Z;37.68;37.66;37.69;37.66;4279;
c35897e7-df88-49ec-b35a-a72b22db524b;2022-05-23T17:12:00Z;37.68;37.71;37.71;37.67;2680;
c35897e7-df88-49ec-b35a-a72b22db524b;2022-05-23T17:13:00Z;37.71;37.75;37.76;37.7;4354;
c35897e7-df88-49ec-b35a-a72b22db524b;2022-05-23T17:14:00Z;37.75;37.73;37.75;37.73;3329;
c35897e7-df88-49ec-b35a-a72b22db524b;2022-05-23T17:15:00Z;37.73;37.65;37.73;37.65;3806;
c35897e7-df88-49ec-b35a-a72b22db524b;2022-05-23T17:16:00Z;37.64;37.63;37.64;37.59;7098;
c35897e7-df88-49ec-b35a-a72b22db524b;2022-05-23T17:17:00Z;37.63;37.58;37.63;37.56;5635;
c35897e7-df88-49ec-b35a-a72b22db524b;2022-05-23T17:18:00Z;37.57;37.52;37.57;37.52;4123;
c35897e7-df88-49ec-b35a-a72b22db524b;2022-05-23T17:19:00Z;37.52;37.56;37.56;37.5;4658;
c35897e7-df88-49ec-b35a-a72b22db524b;2022-05-23T17:20:00Z;37.55;37.48;37.56;37.48;4054;
c35897e7-df88-49ec-b35a-a72b22db524b;2022-05-23T17:21:00Z;37.47;37.51;37.52;37.46;5832;
c35897e7-df88-49ec-b35a-a72b22db524b;2022-05-23T17:22:00Z;37.52;37.57;37.58;37.51;9929;
c35897e7-df88-49ec-b35a-a72b22db524b;2022-05-23T17:23:00Z;37.56;37.58;37.58;37.55;5402;
c35897e7-df88-49ec-b35a-a72b22db524b;2022-05-23T17:24:00Z;37.57;37.62;37.62;37.57;3652;
c35897e7-df88-49ec-b35a-a72b22db524b;2022-05-23T17:25:00Z;37.61;37.61;37.62;37.6;8938;
c35897e7-df88-49ec-b35a-a72b22db524b;2022-05-23T17:26:00Z;37.6;37.62;37.62;37.58;4918;
c35897e7-df88-49ec-b35a-a72b22db524b;2022-05-23T17:27:00Z;37.61;37.63;37.64;37.6;4754;
c35897e7-df88-49ec-b35a-a72b22db524b;2022-05-23T17:28:00Z;37.64;37.68;37.68;37.64;1726;
c35897e7-df88-49ec-b35a-a72b22db524b;2022-05-23T17:29:00Z;37.68;37.69;37.69;37.68;3464;
c35897e7-df88-49ec-b35a-a72b22db524b;2022-05-23T17:30:00Z;37.68;37.66;37.69;37.66;3034;
c35897e7-df88-49ec-b35a-a72b22db524b;2022-05-23T17:31:00Z;37.65;37.67;37.69;37.63;4267;
c35897e7-df88-49ec-b35a-a72b22db524b;2022-05-23T17:32:00Z;37.66;37.72;37.72;37.66;2394;
c35897e7-df88-49ec-b35a-a72b22db524b;2022-05-23T17:33:00Z;37.73;37.74;37.75;37.73;3703;
c35897e7-df88-49ec-b35a-a72b22db524b;2022-05-23T17:34:00Z;37.75;37.73;37.76;37.73;2181;
c35897e7-df88-49ec-b35a-a72b22db524b;2022-05-23T17:35:00Z;37.72;37.81;37.81;37.71;6373;
c35897e7-df88-49ec-b35a-a72b22db524b;2022-05-23T17:36:00Z;37.78;37.8;37.82;37.78;3619;
c35897e7-df88-49ec-b35a-a72b22db524b;2022-05-23T17:37:00Z;37.79;37.8;37.8;37.77;5472;
c35897e7-df88-49ec-b35a-a72b22db524b;2022-05-23T17:38:00Z;37.81;37.85;37.86;37.78;4626;
c35897e7-df88-49ec-b35a-a72b22db524b;2022-05-23T17:39:00Z;37.84;37.79;37.86;37.79;4309;
c35897e7-df88-49ec-b35a-a72b22db524b;2022-05-23T17:40:00Z;37.8;37.8;37.8;37.78;3155;
c35897e7-df88-49ec-b35a-a72b22db524b;2022-05-23T17:41:00Z;37.81;37.84;37.84;37.8;2930;
c35897e7-df88-49ec-b35a-a72b22db524b;2022-05-23T17:42:00Z;37.84;37.86;37.88;37.84;8722;
c35897e7-df88-49ec-b35a-a72b22db524b;2022-05-23T17:43:00Z;37.85;37.82;37.85;37.79;4173;
c35897e7-df88-49ec-b35a-a72b22db524b;2022-05-23T17:44:00Z;37.82;37.83;37.85;37.82;2821;
c35897e7-df88-49ec-b35a-a72b22db524b;2022-05-23T17:45:00Z;37.84;37.82;37.84;37.8;4131;
c35897e7-df88-49ec-b35a-a72b22db524b;2022-05-23T17:46:00Z;37.82;37.8;37.83;37.79;5868;
c35897e7-df88-49ec-b35a-a72b22db524b;2022-05-23T17:47:00Z;37.81;37.86;37.86;37.81;5840;
c35897e7-df88-49ec-b35a-a72b22db524b;2022-05-23T17:48:00Z;37.87;37.9;37.9;37.86;4069;
c35897e7-df88-49ec-b35a-a72b22db524b;2022-05-23T17:49:00Z;37.91;37.88;37.92;37.87;5756;
c35897e7-df88-49ec-b35a-a72b22db524b;2022-05-23T17:50:00Z;37.87;37.86;37.88;37.84;2627;
c35897e7-df88-49ec-b35a-a72b22db524b;2022-05-23T17:51:00Z;37.86;37.86;37.87;37.85;1793;
c35897e7-df88-49ec-b35a-a72b22db524b;2022-05-23T17:52:00Z;37.86;37.89;37.9;37.86;2599;
c35897e7-df88-49ec-b35a-a72b22db524b;2022-05-23T17:53:00Z;37.88;37.89;37.9;37.87;1986;
c35897e7-df88-49ec-b35a-a72b22db524b;2022-05-23T17:54:00Z;37.89;37.91;37.92;37.87;6006;
c35897e7-df88-49ec-b35a-a72b22db524b;2022-05-23T17:55:00Z;37.91;37.92;37.92;37.91;3339;
c35897e7-df88-49ec-b35a-a72b22db524b;2022-05-23T17:56:00Z;37.93;37.92;37.93;37.91;3148;
c35897e7-df88-49ec-b35a-a72b22db524b;2022-05-23T17:57:00Z;37.93;37.96;37.96;37.92;4651;
c35897e7-df88-49ec-b35a-a72b22db524b;2022-05-23T17:58:00Z;37.95;38;38;37.95;4343;
c35897e7-df88-49ec-b35a-a72b22db524b;2022-05-23T17:59:00Z;38;38.01;38.02;37.99;9216;
c35897e7-df88-49ec-b35a-a72b22db524b;2022-05-23T18:00:00Z;38.01;37.96;38.03;37.95;10700;
c35897e7-df88-49ec-b35a-a72b22db524b;2022-05-23T18:01:00Z;37.97;38;38.01;37.96;5686;
c35897e7-df88-49ec-b35a-a72b22db524b;2022-05-23T18:02:00Z;37.99;38.02;38.02;37.97;4827;
c35897e7-df88-49ec-b35a-a72b22db524b;2022-05-23T18:03:00Z;38.03;38.02;38.04;38.02;4592;
c35897e7-df88-49ec-b35a-a72b22db524b;2022-05-23T18:04:00Z;38.02;38.05;38.05;38.02;5117;
c35897e7-df88-49ec-b35a-a72b22db524b;2022-05-23T18:05:00Z;38.06;38.02;38.06;38.01;4403;
c35897e7-df88-49ec-b35a-a72b22db524b;2022-05-23T18:06:00Z;38.03;38.11;38.11;38.03;2015;
c35897e7-df88-49ec-b35a-a72b22db524b;2022-05-23T18:07:00Z;38.11;38.14;38.14;38.1;9954;
c35897e7-df88-49ec-b35a-a72b22db524b;2022-05-23T18:08:00Z;38.14;38.12;38.15;38.12;7707;
c35897e7-df88-49ec-b35a-a72b22db524b;2022-05-23T18:09:00Z;38.13;38.15;38.16;38.12;3475;
c35897e7-df88-49ec-b35a-a72b22db524b;2022-05-23T18:10:00Z;38.15;38.22;38.22;38.15;8700;
c35897e7-df88-49ec-b35a-a72b22db524b;2022-05-23T18:11:00Z;38.21;38.21;38.21;38.18;6205;
c35897e7-df88-49ec-b35a-a72b22db524b;2022-05-23T18:12:00Z;38.21;38.21;38.22;38.19;3878;
c35897e7-df88-49ec-b35a-a72b22db524b;2022-05-23T18:13:00Z;38.22;38.29;38.29;38.22;7241;
c35897e7-df88-49ec-b35a-a72b22db524b;2022-05-23T18:14:00Z;38.29;38.27;38.29;38.26;5315;
c35897e7-df88-49ec-b35a-a72b22db524b;2022-05-23T18:15:00Z;38.26;38.24;38.26;38.22;4853;
c35897e7-df88-49ec-b35a-a72b22db524b;2022-05-23T18:16:00Z;38.24;38.29;38.29;38.24;2089;
c35897e7-df88-49ec-b35a-a72b22db524b;2022-05-23T18:17:00Z;38.3;38.31;38.31;38.29;8672;
c35897e7-df88-49ec-b35a-a72b22db524b;2022-05-23T18:18:00Z;38.32;38.33;38.35;38.32;6720;
c35897e7-df88-49ec-b35a-a72b22db524b;2022-05-23T18:19:00Z;38.34;38.4;38.4;38.34;3902;
c35897e7-df88-49ec-b35a-a72b22db524b;2022-05-23T18:20:00Z;38.41;38.36;38.41;38.34;13024;
c35897e7-df88-49ec-b35a-a72b22db524b;2022-05-23T18:21:00Z;38.36;38.44;38.45;38.34;20554;
c35897e7-df88-49ec-b35a-a72b22db524b;2022-05-23T18:22:00Z;38.44;38.34;38.46;38.33;10045;
c35897e7-df88-49ec-b35a-a72b22db524b;2022-05-23T18:23:00Z;38.33;38.39;38.39;38.32;7395;
c35897e7-df88-49ec-b35a-a72b22db524b;2022-05-23T18:24:00Z;38.4;38.39;38.4;38.35;8036;
c35897e7-df88-49ec-b35a-a72b22db524b;2022-05-23T18:25:00Z;38.4;38.43;38.44;38.39;6237;
c35897e7-df88-49ec-b35a-a72b22db524b;2022-05-23T18:26:00Z;38.44;38.4;38.44;38.35;8688;
c35897e7-df88-49ec-b35a-a72b22db524b;2022-05-23T18:27:00Z;38.42;38.44;38.44;38.4;2914;
c35897e7-df88-49ec-b35a-a72b22db524b;2022-05-23T18:28:00Z;38.44;38.45;38.46;38.43;7023;
c35897e7-df88-49ec-b35a-a72b22db524b;2022-05-23T18:29:00Z;38.44;38.37;38.44;38.35;6750;
c35897e7-df88-49ec-b35a-a72b22db524b;2022-05-23T18:30:00Z;38.38;38.34;38.38;38.32;8446;
c35897e7-df88-49ec-b35a-a72b22db524b;2022-05-23T18:31:00Z;38.33;38.39;38.4;38.33;7197;
c35897e7-df88-49ec-b35a-a72b22db524b;2022-05-23T18:32:00Z;38.38;38.4;38.41;38.38;2921;
c35897e7-df88-49ec-b35a-a72b22db524b;2022-05-23T18:33:00Z;38.39;38.36;38.39;38.35;3985;
c35897e7-df88-49ec-b35a-a72b22db524b;2022-05-23T18:34:00Z;38.35;38.36;38.36;38.35;4352;
c35897e7-df88-49ec-b35a-a72b22db524b;2022-05-23T18:35:00Z;38.35;38.32;38.36;38.32;6281;
c35897e7-df88-49ec-b35a-a72b22db524b;2022-05-23T18:36:00Z;38.32;38.36;38.36;38.31;3872;
c35897e7-df88-49ec-b35a-a72b22db524b;2022-05-23T18:37:00Z;38.36;38.38;38.38;38.35;6254;
c35897e7-df88-49ec-b35a-a72b22db524b;2022-05-23T18:38:00Z;38.38;38.42;38.42;38.38;9859;
c35897e7-df88-49ec-b35a-a72b22db524b;2022-05-23T18:39:00Z;38.43;38.42;38.44;38.41;12502;
c35897e7-df88-49ec-b35a-a72b22db524b;2022-05-23T18:40:00Z;38.43;38.49;38.49;38.43;7799;
c35897e7-df88-49ec-b35a-a72b22db524b;2022-05-23T18:41:00Z;38.49;38.43;38.49;38.42;10264;
c35897e7-df88-49ec-b35a-a72b22db524b;2022-05-23T18:42:00Z;38.42;38.45;38.47;38.42;11062;
c35897e7-df88-49ec-b35a-a72b22db524b;2022-05-23T18:43:00Z;38.46;38.51;38.51;38.45;3152;
c35897e7-df88-49ec-b35a-a72b22db524b;2022-05-23T18:44:00Z;38.51;38.54;38.54;38.48;4372;
c35897e7-df88-49ec-b35a-a72b22db524b;2022-05-23T18:45:00Z;38.55;38.56;38.56;38.5;13268;
c35897e7-df88-49ec-b35a-a72b22db524b;2022-05-23T18:46:00Z;38.55;38.6;38.63;38.54;23119;
c35897e7-df88-49ec-b35a-a72b22db524b;2022-05-23T18:47:00Z;38.59;38.57;38.6;38.57;5083;
c35897e7-df88-49ec-b35a-a72b22db524b;2022-05-23T18:48:00Z;38.58;38.51;38.58;38.5;13501;
c35897e7-df88-49ec-b35a-a72b22db524b;2022-05-23T18:49:00Z;38.51;38.5;38.52;38.45;10970;
c35897e7-df88-49ec-b35a-a72b22db524b;2022-05-23T18:50:00Z;38.51;38.52;38.57;38.51;8812;
c35897e7-df88-49ec-b35a-a72b22db524b;2022-05-23T18:51:00Z;38.53;38.47;38.55;38.47;6880;
c35897e7-df88-49ec-b35a-a72b22db524b;2022-05-23T18:52:00Z;38.46;38.42;38.47;38.42;11782;
c35897e7-df88-49ec-b35a-a72b22db524b;2022-05-23T18:53:00Z;38.42;38.46;38.46;38.4;4512;
c35897e7-df88-49ec-b35a-a72b22db524b;2022-05-23T18:54:00Z;38.46;38.5;38.51;38.44;10514;
c35897e7-df88-49ec-b35a-a72b22db524b;2022-05-23T18:55:00Z;38.51;38.52;38.54;38.48;7667;
c35897e7-df88-49ec-b35a-a72b22db524b;2022-05-23T18:56:00Z;38.51;38.5;38.54;38.49;3705;
c35897e7-df88-49ec-b35a-a72b22db524b;2022-05-23T18:57:00Z;38.5;38.49;38.5;38.47;8726;
c35897e7-df88-49ec-b35a-a72b22db524b;2022-05-23T18:58:00Z;38.48;38.48;38.5;38.46;12747;
c35897e7-df88-49ec-b35a-a72b22db524b;2022-05-23T18:59:00Z;38.49;38.47;38.52;38.47;5687;
c35897e7-df88-49ec-b35a-a72b22db524b;2022-05-23T19:00:00Z;38.48;38.48;38.5;38.46;9743;
c35897e7-df88-49ec-b35a-a72b22db524b;2022-05-23T19:01:00Z;38.48;38.55;38.55;38.48;6985;
c35897e7-df88-49ec-b35a-a72b22db524b;2022-05-23T19:02:00Z;38.56;38.48;38.56;38.46;7957;
c35897e7-df88-49ec-b35a-a72b22db524b;2022-05-23T19:03:00Z;38.48;38.45;38.48;38.44;4435;
c35897e7-df88-49ec-b35a-a72b22db524b;2022-05-23T19:04:00Z;38.46;38.5;38.5;38.45;5141;
c35897e7-df88-49ec-b35a-a72b22db524b;2022-05-23T19:05:00Z;38.5;38.51;38.52;38.48;6020;
c35897e7-df88-49ec-b35a-a72b22db524b;2022-05-23T19:06:00Z;38.51;38.53;38.53;38.5;5681;
c35897e7-df88-49ec-b35a-a72b22db524b;2022-05-23T19:07:00Z;38.52;38.55;38.55;38.51;7675;
c35897e7-df88-49ec-b35a-a72b22db524b;2022-05-23T19:08:00Z;38.55;38.55;38.58;38.54;10348;
c35897e7-df88-49ec-b35a-a72b22db524b;2022-05-23T19:09:00Z;38.56;38.58;38.58;38.52;5583;
c35897e7-df88-49ec-b35a-a72b22db524b;2022-05-23T19:10:00Z;38.57;38.52;38.57;38.5;9138;
c35897e7-df88-49ec-b35a-a72b22db524b;2022-05-23T19:11:00Z;38.52;38.45;38.52;38.44;6856;
c35897e7-df88-49ec-b35a-a72b22db524b;2022-05-23T19:12:00Z;38.45;38.34;38.46;38.33;13907;
c35897e7-df88-49ec-b35a-a72b22db524b;2022-05-23T19:13:00Z;38.34;38.36;38.36;38.32;1929;
c35897e7-df88-49ec-b35a-a72b22db524b;2022-05-23T19:14:00Z;38.36;38.39;38.41;38.35;4431;
c35897e7-df88-49ec-b35a-a72b22db524b;2022-05-23T19:15:00Z;38.38;38.4;38.41;38.37;4864;
c35897e7-df88-49ec-b35a-a72b22db524b;2022-05-23T19:16:00Z;38.41;38.39;38.44;38.39;12963;
c35897e7-df88-49ec-b35a-a72b22db524b;2022-05-23T19:17:00Z;38.4;38.39;38.41;38.38;5598;
c35897e7-df88-49ec-b35a-a72b22db524b;2022-05-23T19:18:00Z;38.39;38.41;38.41;38.37;3039;
c35897e7-df88-49ec-b35a-a72b22db524b;2022-05-23T19:19:00Z;38.42;38.44;38.44;38.41;6344;
c35897e7-df88-49ec-b35a-a72b22db524b;2022-05-23T19:20:00Z;38.45;38.4;38.45;38.4;5636;
c35897e7-df88-49ec-b35a-a72b22db524b;2022-05-23T19:21:00Z;38.4;38.34;38.4;38.34;8458;
c35897e7-df88-49ec-b35a-a72b22db524b;2022-05-23T19:22:00Z;38.34;38.34;38.36;38.31;5081;
c35897e7-df88-49ec-b35a-a72b22db524b;2022-05-23T19:23:00Z;38.34;38.3;38.34;38.29;7339;
c35897e7-df88-49ec-b35a-a72b22db524b;2022-05-23T19:24:00Z;38.31;38.35;38.35;38.3;6654;
c35897e7-df88-49ec-b35a-a72b22db524b;2022-05-23T19:25:00Z;38.34;38.34;38.35;38.33;6357;
c35897e7-df88-49ec-b35a-a72b22db524b;2022-05-23T19:26:00Z;38.35;38.32;38.35;38.32;4381;
c35897e7-df88-49ec-b35a-a72b22db524b;2022-05-23T19:27:00Z;38.32;38.35;38.35;38.3;5344;
c35897e7-df88-49ec-b35a-a72b22db524b;2022-05-23T19:28:00Z;38.36;38.39;38.42;38.35;7730;
c35897e7-df88-49ec-b35a-a72b22db524b;2022-05-23T19:29:00Z;38.39;38.35;38.39;38.34;9979;
c35897e7-df88-49ec-b35a-a72b22db524b;2022-05-23T19:30:00Z;38.34;38.36;38.37;38.3;10712;
c35897e7-df88-49ec-b35a-a72b22db524b;2022-05-23T19:31:00Z;38.37;38.41;38.41;38.36;9388;
c35897e7-df88-49ec-b35a-a72b22db524b;2022-05-23T19:32:00Z;38.42;38.36;38.42;38.36;8118;
c35897e7-df88-49ec-b35a-a72b22db524b;2022-05-23T19:33:00Z;38.36;38.42;38.42;38.36;9324;
c35897e7-df88-49ec-b35a-a72b22db524b;2022-05-23T19:34:00Z;38.41;38.38;38.42;38.38;8202;
c35897e7-df88-49ec-b35a-a72b22db524b;2022-05-23T19:35:00Z;38.39;38.45;38.46;38.39;9875;
c35897e7-df88-49ec-b35a-a72b22db524b;2022-05-23T19:36:00Z;38.44;38.41;38.44;38.41;4759;
c35897e7-df88-49ec-b35a-a72b22db524b;2022-05-23T19:37:00Z;38.41;38.37;38.41;38.34;8218;
c35897e7-df88-49ec-b35a-a72b22db524b;2022-05-23T19:38:00Z;38.37;38.38;38.38;38.36;7569;
c35897e7-df88-49ec-b35a-a72b22db524b;2022-05-23T19:39:00Z;38.37;38.32;38.37;38.32;7631;
c35897e7-df88-49ec-b35a-a72b22db524b;2022-05-23T19:40:00Z;38.32;38.32;38.32;38.3;10764;
c35897e7-df88-49ec-b35a-a72b22db524b;2022-05-23T19:41:00Z;38.32;38.36;38.37;38.32;11517;
c35897e7-df88-49ec-b35a-a72b22db524b;2022-05-23T19:42:00Z;38.36;38.3;38.37;38.3;9798;
c35897e7-df88-49ec-b35a-a72b22db524b;2022-05-23T19:43:00Z;38.29;38.27;38.29;38.26;6442;
c35897e7-df88-49ec-b35a-a72b22db524b;2022-05-23T19:44:00Z;38.26;38.26;38.3;38.21;9502;
c35897e7-df88-49ec-b35a-a72b22db524b;2022-05-23T19:45:00Z;38.27;38.24;38.27;38.24;13201;
c35897e7-df88-49ec-b35a-a72b22db524b;2022-05-23T19:46:00Z;38.24;38.22;38.24;38.19;8481;
c35897e7-df88-49ec-b35a-a72b22db524b;2022-05-23T19:47:00Z;38.21;38.2;38.22;38.19;10450;
c35897e7-df88-49ec-b35a-a72b22db524b;2022-05-23T19:48:00Z;38.21;38.21;38.24;38.21;12496;
c35897e7-df88-49ec-b35a-a72b22db524b;2022-05-23T19:49:00Z;38.21;38.18;38.22;38.18;15486;
c35897e7-df88-49ec-b35a-a72b22db524b;2022-05-23T19:50:00Z;38.19;38.24;38.3;38.18;28358;
c35897e7-df88-49ec-b35a-a72b22db524b;2022-05-23T19:51:00Z;38.26;38.24;38.33;38.24;15258;
c35897e7-df88-49ec-b35a-a72b22db524b;2022-05-23T19:52:00Z;38.24;38.28;38.28;38.24;27606;
c35897e7-df88-49ec-b35a-a72b22db524b;2022-05-23T19:53:00Z;38.29;38.28;38.31;38.28;12566;
c35897e7-df88-49ec-b35a-a72b22db524b;2022-05-23T19:54:00Z;38.28;38.24;38.28;38.22;21086;
c35897e7-df88-49ec-b35a-a72b22db524b;2022-05-23T19:55:00Z;38.24;38.27;38.28;38.22;13023;
c35897e7-df88-49ec-b35a-a72b22db524b;2022-05-23T19:56:00Z;38.28;38.29;38.3;38.26;13675;
c35897e7-df88-49ec-b35a-a72b22db524b;2022-05-23T19:57:00Z;38.3;38.3;38.32;38.29;22217;
c35897e7-df88-49ec-b35a-a72b22db524b;2022-05-23T19:58:00Z;38.29;38.3;38.3;38.28;15684;
c35897e7-df88-49ec-b35a-a72b22db524b;2022-05-23T19:59:00Z;38.3;38.37;38.38;38.29;32034;
c35897e7-df88-49ec-b35a-a72b22db524b;2022-05-23T20:00:00Z;38.39;38.4;38.4;38.39;305;
c35897e7-df88-49ec-b35a-a72b22db524b;2022-05-23T20:03:00Z;38.35;38.35;38.35;38.35;1549;
c35897e7-df88-49ec-b35a-a72b22db524b;2022-05-23T20:07:00Z;38.35;38.26;38.35;37.81;130;
c35897e7-df88-49ec-b35a-a72b22db524b;2022-05-23T20:08:00Z;38.15;38.26;38.26;38.15;65;
c35897e7-df88-49ec-b35a-a72b22db524b;2022-05-23T20:25:00Z;38.26;38.26;38.26;38.26;4;
c35897e7-df88-49ec-b35a-a72b22db524b;2022-05-23T20:37:00Z;38.26;38.26;38.26;38.26;2;
c35897e7-df88-49ec-b35a-a72b22db524b;2022-05-23T20:42:00Z;38.53;38.53;38.53;38.53;3;
c35897e7-df88-49ec-b35a-a72b22db524b;2022-05-23T20:58:00Z;38.53;38.53;38.53;38.53;4;
c35897e7-df88-49ec-b35a-a72b22db524b;2022-05-23T21:01:00Z;38.38;38.38;38.38;38.38;52;
c35897e7-df88-49ec-b35a-a72b22db524b;2022-05-23T21:02:00Z;38.31;38.32;38.32;38.31;3;
c35897e7-df88-49ec-b35a-a72b22db524b;2022-05-23T21:06:00Z;38.52;38.53;38.53;38.52;5;
c35897e7-df88-49ec-b35a-a72b22db524b;2022-05-23T21:07:00Z;38.35;38.35;38.35;38.35;56;
c35897e7-df88-49ec-b35a-a72b22db524b;2022-05-23T21:09:00Z;38.53;38.53;38.53;38.53;3;
c35897e7-df88-49ec-b35a-a72b22db524b;2022-05-23T21:11:00Z;38.53;38.38;38.59;38.38;24;
c35897e7-df88-49ec-b35a-a72b22db524b;2022-05-23T21:12:00Z;38.38;38.38;38.38;38.38;2;
c35897e7-df88-49ec-b35a-a72b22db524b;2022-05-23T21:18:00Z;38.31;38.31;38.31;38.31;41;
c35897e7-df88-49ec-b35a-a72b22db524b;2022-05-23T21:25:00Z;38.31;38.3;38.31;38.3;326;
c35897e7-df88-49ec-b35a-a72b22db524b;2022-05-23T21:29:00Z;38.16;38.15;38.16;38.15;301;
c35897e7-df88-49ec-b35a-a72b22db524b;2022-05-23T22:25:00Z;38.1;38.1;38.1;38.1;3;
c35897e7-df88-49ec-b35a-a72b22db524b;2022-05-23T22:28:00Z;38.09;38.15;38.18;38.09;20;
